# Blender 4.3.2
# www.blender.org
mtllib torx screw.mtl
o Cylinder
v 0.000000 1.600000 -1.500000
v 0.000000 2.120908 -0.000000
v 0.000000 2.400000 -1.500000
v 0.000000 2.260454 0.840000
v 0.292635 1.600000 -1.471178
v 0.727461 2.260454 0.420000
v 0.292635 2.400000 -1.471178
v 0.000000 2.260454 -0.840000
v 0.574025 1.600000 -1.385819
v -0.727461 2.260454 0.420000
v 0.574025 2.400000 -1.385819
v -0.727461 2.260454 -0.420000
v 0.833355 1.600000 -1.247204
v 0.727461 2.260454 -0.420000
v 0.833355 2.400000 -1.247204
v -0.758772 2.337593 0.717910
v 1.060660 1.600000 -1.060660
v 0.242343 2.337593 1.016071
v 0.481056 2.260004 0.353023
v 1.060660 2.400000 -1.060660
v 1.247204 1.600000 -0.833355
v 0.253066 2.334413 -0.675137
v 1.247204 2.400000 -0.833355
v -0.458431 2.334578 -0.559672
v 1.385819 1.600000 -0.574025
v 1.001114 2.337593 0.298160
v 1.385819 2.400000 -0.574025
v 0.713362 2.334775 -0.116418
v 1.471178 1.600000 -0.292635
v 0.927901 2.337593 0.642609
v -0.196650 2.270475 0.563834
v 1.471178 2.400000 -0.292635
v -0.092565 2.337593 1.124890
v 1.500000 1.600000 0.000000
v -1.020466 2.337593 0.482281
v 1.500000 2.400000 0.000000
v -0.877237 2.337593 -0.160580
v 1.471178 1.600000 0.292635
v -0.299552 2.337593 -0.840000
v 1.471178 2.400000 0.292635
v 1.385819 1.600000 0.574025
v 0.577685 2.337593 -0.679419
v 1.385819 2.400000 0.574025
v 0.577685 2.337593 0.679419
v -0.299552 2.337593 0.840000
v 1.247204 1.600000 0.833355
v 1.247204 2.400000 0.833355
v -0.594463 2.267149 -0.000000
v 1.060660 1.600000 1.060660
v -0.877237 2.337593 0.160580
v 1.060660 2.400000 1.060660
v -0.196650 2.270475 -0.563834
v -1.020466 2.337593 -0.482281
v 0.833355 1.600000 1.247204
v 0.833355 2.400000 1.247204
v 0.927901 2.337593 -0.642609
v 0.574025 1.600000 1.385819
v -0.092565 2.337593 -1.124890
v -0.758772 2.337593 -0.717910
v 0.574025 2.400000 1.385819
v 0.292635 1.600000 1.471178
v 0.242343 2.337593 -1.016071
v 0.292635 2.400000 1.471178
v -0.458431 2.334578 0.559672
v 0.481056 2.260004 -0.353023
v 0.000000 1.600000 1.500000
v 0.713362 2.334775 0.116418
v 0.000000 -2.250000 0.000000
v 0.000000 2.400000 1.500000
v 0.253066 2.334413 0.675137
v 1.001114 2.337593 -0.298160
v -0.292635 1.600000 1.471178
v -0.292635 2.400000 1.471178
v -0.574025 1.600000 1.385819
v -0.574025 2.400000 1.385819
v -0.833355 1.600000 1.247204
v -0.833355 2.400000 1.247204
v -1.060660 1.600000 1.060660
v -1.060660 2.400000 1.060660
v -1.247204 1.600000 0.833355
v -1.247204 2.400000 0.833355
v -1.385819 1.600000 0.574025
v -1.385819 2.400000 0.574025
v -1.471178 1.600000 0.292635
v -1.471178 2.400000 0.292635
v -1.500000 1.600000 0.000000
v -1.500000 2.400000 0.000000
v -1.471178 1.600000 -0.292635
v -1.471178 2.400000 -0.292635
v -1.385819 1.600000 -0.574025
v -1.385819 2.400000 -0.574025
v -1.247204 1.600000 -0.833355
v -1.247204 2.400000 -0.833355
v -1.060660 1.600000 -1.060660
v -1.060660 2.400000 -1.060660
v -0.833355 1.600000 -1.247204
v -0.833355 2.400000 -1.247204
v -0.574025 1.600000 -1.385819
v -0.574025 2.400000 -1.385819
v -0.292635 1.600000 -1.471178
v -0.292635 2.400000 -1.471178
v 0.125183 1.600000 -0.629337
v 0.000000 1.600000 -0.641667
v -0.125183 1.600000 -0.629337
v 0.356491 1.600000 0.533526
v 0.245555 1.600000 0.592823
v 0.125183 1.600000 0.629337
v 0.356491 1.600000 -0.533526
v 0.245555 1.600000 -0.592823
v -0.622925 2.277215 -0.289951
v 0.629337 1.600000 -0.125183
v -0.108180 2.163978 0.332949
v 0.641667 1.600000 0.000000
v 0.564757 2.276077 -0.395539
v 0.844587 2.281989 0.550081
v 0.629337 1.600000 0.125183
v -0.898677 2.281989 0.456394
v 0.592823 1.600000 -0.245555
v 0.592823 1.600000 0.245555
v -0.059271 2.277214 -0.684644
v -0.054090 2.281989 1.006474
v 0.533526 1.600000 0.356491
v 0.887370 2.281989 0.348803
v 0.453727 1.600000 0.453727
v 0.453727 1.600000 -0.453727
v 0.713203 2.281158 -0.246932
v 0.283224 2.163978 0.205772
v 0.533526 1.600000 -0.356491
v -0.592823 1.600000 0.245555
v -0.570640 2.281020 -0.493304
v -0.629337 1.600000 0.125183
v -0.745757 2.281989 0.594083
v -0.641667 1.600000 0.000000
v 0.141922 2.280802 -0.741152
v -0.629337 1.600000 -0.125183
v 0.141612 2.281989 0.942886
v -0.453727 1.600000 0.453727
v 1.004497 2.327065 0.478884
v -0.916974 2.327065 0.630477
v -0.533526 1.600000 0.356491
v -0.453727 1.600000 -0.453727
v 0.183779 2.250540 0.533615
v -0.533526 1.600000 -0.356491
v 0.087522 2.327065 1.109362
v -0.592823 1.600000 -0.245555
v 0.560807 2.247010 0.000000
v -0.245555 1.600000 -0.592823
v 0.869074 2.327065 -0.174720
v -0.356491 1.600000 -0.533526
v 0.283225 2.327065 0.840000
v 0.869074 2.327065 0.174720
v 0.000000 1.600000 0.641667
v -0.125183 1.600000 0.629337
v 0.283225 2.327065 -0.840000
v -0.585849 2.327065 0.665280
v -0.245555 1.600000 0.592823
v -0.585849 2.327065 -0.665280
v -0.356491 1.600000 0.533526
v 0.283224 2.163978 -0.205772
v 0.713203 2.281158 0.246932
v 0.141922 2.280802 0.741152
v -0.745757 2.281989 -0.594083
v 0.887370 2.281989 -0.348803
v 0.141612 2.281989 -0.942886
v -0.570640 2.281020 0.493304
v -0.350084 2.163978 0.000000
v 0.639940 2.281989 0.571591
v 0.639940 2.281989 -0.571591
v -0.175042 2.281989 0.840000
v -0.175042 2.281989 -0.840000
v -0.814983 2.281989 0.268409
v -0.814983 2.281989 -0.268409
v 0.475044 2.322967 -0.548006
v -0.454210 2.244964 0.333309
v 0.757066 2.327065 0.701673
v -0.711883 2.322809 -0.136998
v -0.229133 2.327065 1.006475
v -0.986199 2.327065 0.304802
v -0.237066 2.322999 -0.684644
v -0.108180 2.163978 -0.332949
v 0.564757 2.276077 0.395539
v 0.844587 2.281989 -0.550081
v -0.898677 2.281989 -0.456394
v -0.059271 2.277214 0.684644
v -0.054090 2.281989 -1.006474
v -0.622925 2.277215 0.289952
v -0.237066 2.322999 0.684644
v 0.757066 2.327065 -0.701673
v -0.229133 2.327065 -1.006475
v 0.475044 2.322967 0.548006
v -0.986199 2.327065 -0.304802
v -0.454210 2.244964 -0.333309
v -0.711883 2.322809 0.136998
v 0.183779 2.250540 -0.533615
v 0.087522 2.327065 -1.109362
v -0.916974 2.327065 -0.630477
v 1.004497 2.327065 -0.478884
v 0.316656 2.400000 0.942887
v 0.974892 2.400000 0.197211
v -0.658236 2.400000 0.745675
v -0.483046 2.399966 -0.649373
v 0.974892 2.400000 -0.197211
v -0.483046 2.399966 0.649373
v -0.658236 2.400000 -0.745675
v 0.316656 2.400000 -0.942887
v 0.382147 2.398912 0.580041
v -0.319441 2.399927 -0.741464
v -0.802125 2.399899 -0.094103
v -0.319441 2.399927 0.741464
v -0.802125 2.399899 0.094103
v 0.382147 2.398912 -0.580041
v 0.538923 2.278186 0.348873
v 0.560148 2.280889 0.318434
v 0.634734 2.311166 0.124303
v 0.614775 2.294645 0.226372
v -0.002291 2.284874 0.636561
v -0.067030 2.288372 0.634672
v -0.141546 2.302743 0.630264
v 0.143139 2.301692 0.624784
v 0.089891 2.291612 0.646034
v -0.594072 2.291476 0.235976
v -0.568574 2.284501 0.287955
v -0.537775 2.283368 0.331183
v -0.650893 2.322315 0.103799
v -0.638650 2.313489 0.160496
v -0.423659 2.348721 -0.539512
v -0.422345 2.378839 -0.565754
v -0.463494 2.304322 -0.453528
v -0.435956 2.327560 -0.508839
v 0.431282 2.343365 -0.532850
v 0.448772 2.319192 -0.492729
v 0.487691 2.295751 -0.431767
v 0.425453 2.377223 -0.563027
v 0.428441 2.399662 0.584823
v 0.425453 2.377223 0.563027
v 0.521635 2.282604 0.390862
v 0.487691 2.295751 0.431767
v -0.276044 2.399186 0.635849
v -0.245528 2.346221 0.636289
v -0.209066 2.323658 0.634400
v -0.678750 2.346810 0.088438
v -0.690151 2.399335 0.057487
v -0.678750 2.346810 -0.088438
v -0.650893 2.322315 -0.103799
v -0.690151 2.399335 -0.057487
v -0.276044 2.399186 -0.635849
v -0.245528 2.346221 -0.636289
v -0.209066 2.323658 -0.634400
v -0.141546 2.302743 -0.630264
v 0.521635 2.282604 -0.390862
v 0.538923 2.278186 -0.348873
v 0.428441 2.399662 -0.584823
v 0.249720 2.351723 -0.629208
v 0.213170 2.328204 -0.628351
v 0.143139 2.301691 -0.624784
v -0.002291 2.284874 -0.636561
v -0.067030 2.288372 -0.634672
v 0.089891 2.291612 -0.646034
v -0.505038 2.293581 -0.417742
v -0.537775 2.283368 -0.331183
v -0.638650 2.313489 -0.160496
v -0.568574 2.284501 -0.287955
v -0.594072 2.291476 -0.235976
v -0.422345 2.378839 0.565754
v -0.505038 2.293581 0.417742
v -0.463494 2.304322 0.453528
v -0.423659 2.348721 0.539512
v -0.435956 2.327560 0.508839
v 0.249720 2.351723 0.629208
v 0.213170 2.328204 0.628351
v 0.431282 2.343365 0.532850
v 0.448772 2.319192 0.492729
v 0.662051 2.332322 0.101122
v 0.674582 2.351431 0.081624
v 0.634734 2.311166 -0.124303
v 0.662051 2.332322 -0.101122
v 0.674582 2.351431 -0.081624
v 0.614775 2.294645 -0.226372
v 0.560148 2.280889 -0.318434
v -0.053231 2.130471 0.163828
v 0.139362 2.130471 0.101251
v 0.093300 2.153275 0.287141
v 0.536138 2.251039 0.202720
v 0.405474 2.213917 0.295015
v 0.443824 2.197911 0.103788
v -0.244258 2.153275 0.177463
v -0.172260 2.130471 -0.000000
v -0.244258 2.153275 -0.177463
v -0.053231 2.130471 -0.163828
v 0.093300 2.153275 -0.287141
v 0.139362 2.130471 -0.101251
v 0.549717 2.279548 0.327504
v 0.534729 2.275662 0.337334
v 0.617985 2.296693 0.091179
v 0.623156 2.303203 0.182477
v 0.583898 2.285788 0.272215
v -0.092098 2.293907 0.633014
v -0.148042 2.297977 0.617216
v -0.015091 2.252655 0.572053
v 0.142059 2.291858 0.606424
v 0.105909 2.296046 0.635268
v 0.039054 2.287101 0.638902
v -0.030967 2.285336 0.631332
v -0.635184 2.307232 0.080013
v -0.548535 2.253308 0.167849
v -0.527736 2.275909 0.320037
v -0.559256 2.285186 0.301090
v -0.578976 2.287040 0.257673
v -0.613249 2.300746 0.198757
v -0.641558 2.317170 0.143293
v -0.414206 2.378598 -0.564789
v -0.314350 2.333952 -0.577972
v -0.336544 2.263165 -0.475357
v -0.461533 2.290709 -0.428788
v -0.445749 2.318027 -0.489006
v -0.424114 2.336062 -0.521811
v -0.421633 2.361001 -0.551695
v 0.483755 2.289168 -0.421197
v 0.362910 2.261523 -0.455443
v 0.313565 2.327061 -0.566537
v 0.416879 2.377070 -0.561997
v 0.427377 2.357574 -0.546476
v 0.433484 2.329777 -0.512444
v 0.463295 2.308961 -0.466449
v 0.427912 2.389658 0.577871
v 0.421254 2.399873 0.580767
v 0.416879 2.377070 0.561997
v 0.483755 2.289168 0.421197
v 0.529955 2.279100 0.373331
v 0.507853 2.288074 0.409112
v -0.260297 2.363601 0.636637
v -0.314350 2.333952 0.577972
v -0.185120 2.316046 0.632631
v -0.231387 2.334928 0.630906
v -0.635184 2.307232 -0.080013
v -0.666782 2.336646 0.084229
v -0.685412 2.364238 0.067009
v -0.685412 2.364238 -0.067009
v -0.666782 2.336646 -0.084229
v -0.231387 2.334928 -0.630906
v -0.185120 2.316046 -0.632631
v -0.148042 2.297977 -0.617216
v -0.260297 2.363601 -0.636637
v 0.534729 2.275662 -0.337334
v 0.507852 2.288074 -0.409112
v 0.529955 2.279100 -0.373331
v 0.421254 2.399873 -0.580767
v 0.427911 2.389658 -0.577871
v 0.293392 2.399376 -0.610916
v 0.142059 2.291858 -0.606424
v 0.187953 2.317395 -0.628115
v 0.233888 2.339633 -0.622879
v 0.262219 2.366484 -0.631587
v -0.015091 2.252655 -0.572053
v -0.092098 2.293907 -0.633014
v -0.030967 2.285336 -0.631332
v 0.039054 2.287101 -0.638902
v 0.105909 2.296046 -0.635268
v -0.426345 2.390679 -0.578940
v -0.520850 2.287371 -0.375166
v -0.482985 2.299419 -0.436892
v -0.527736 2.275909 -0.320037
v -0.548535 2.253308 -0.167849
v -0.641558 2.317170 -0.143293
v -0.613249 2.300746 -0.198757
v -0.578976 2.287040 -0.257673
v -0.559256 2.285186 -0.301089
v -0.426345 2.390679 0.578940
v -0.414206 2.378598 0.564789
v -0.482985 2.299419 0.436892
v -0.520850 2.287371 0.375166
v -0.461533 2.290709 0.428788
v -0.445749 2.318027 0.489006
v -0.336544 2.263165 0.475357
v -0.421633 2.361001 0.551695
v -0.424114 2.336062 0.521811
v 0.293392 2.399376 0.610916
v 0.187953 2.317395 0.628115
v 0.313565 2.327061 0.566537
v 0.262219 2.366484 0.631587
v 0.233888 2.339633 0.622879
v 0.427377 2.357574 0.546476
v 0.362910 2.261523 0.455443
v 0.463295 2.308961 0.466449
v 0.433484 2.329777 0.512444
v 0.675809 2.399218 -0.000000
v 0.664061 2.340734 -0.080161
v 0.681529 2.366621 -0.062924
v 0.681529 2.366621 0.062924
v 0.664061 2.340734 0.080161
v 0.653929 2.325458 0.100630
v 0.617985 2.296693 -0.091179
v 0.653929 2.325458 -0.100630
v 0.623157 2.303203 -0.182477
v 0.536138 2.251039 -0.202720
v 0.549717 2.279548 -0.327504
v 0.583898 2.285788 -0.272215
v 0.236701 2.198436 -0.390227
v 0.405474 2.213917 -0.295015
v 0.039537 2.198156 -0.454139
v -0.156160 2.214825 -0.476367
v -0.298576 2.198027 -0.344947
v -0.419909 2.197762 -0.177564
v -0.500948 2.214350 0.000000
v -0.419909 2.197762 0.177564
v -0.298576 2.198027 0.344947
v -0.156160 2.214825 0.476367
v 0.443824 2.197911 -0.103788
v 0.301920 2.153275 -0.000000
v 0.039537 2.198156 0.454139
v 0.236701 2.198436 0.390227
v -0.027078 2.264830 -0.759025
v 0.069656 2.265099 -0.789817
v 0.042830 2.274192 -0.702869
v 0.273562 2.329494 -0.744328
v 0.205911 2.306471 -0.697599
v 0.222287 2.299203 -0.788637
v -0.122584 2.276222 -0.752275
v -0.086130 2.265236 -0.840000
v -0.122129 2.276638 -0.928732
v -0.026615 2.265235 -0.921914
v 0.046650 2.276637 -0.983571
v 0.069681 2.265235 -0.890626
v 0.315798 2.362179 -0.788689
v 0.293195 2.363705 -0.698828
v -0.289233 2.359755 -0.702921
v -0.320737 2.365647 -0.789833
v -0.278049 2.329458 -0.759024
v -0.224823 2.362216 -1.067326
v -0.147172 2.365700 -1.129122
v -0.163622 2.329812 -1.078495
v 0.146726 2.362216 -1.124067
v 0.229493 2.365700 -1.069313
v 0.176262 2.329812 -1.069312
v 0.255275 2.349315 -0.642658
v -0.320451 2.365700 -0.890626
v -0.050875 2.365700 -1.160411
v 0.289008 2.365700 -0.987397
v 0.102694 2.398910 -1.156058
v 0.048268 2.362216 -1.156058
v -0.007810 2.329812 -1.129121
v -0.268856 2.398910 -1.035334
v -0.285674 2.362216 -0.983571
v -0.277385 2.329812 -0.921914
v -0.289643 2.398575 -0.670526
v -0.247616 2.341484 -0.649612
v -0.207529 2.319656 -0.645036
v 0.219734 2.326980 -0.641417
v 0.332559 2.398913 -0.840349
v 0.315505 2.362216 -0.891762
v 0.272558 2.329812 -0.936771
v 0.117895 2.299315 -1.035333
v 0.202877 2.307632 -0.987397
v 0.019437 2.299315 -1.067325
v -0.077491 2.307632 -1.078495
v -0.149342 2.299315 -1.012486
v -0.210194 2.299315 -0.928732
v -0.250769 2.307632 -0.840000
v -0.210881 2.298960 -0.752275
v -0.153926 2.296225 -0.677272
v -0.079129 2.286794 -0.645079
v 0.222205 2.299315 -0.891762
v 0.151017 2.276542 -0.840334
v -0.014346 2.281617 -0.649655
v 0.118100 2.289974 -0.670743
v -0.026615 2.265235 0.921914
v 0.069681 2.265235 0.890626
v 0.046650 2.276637 0.983571
v 0.272558 2.329812 0.936771
v 0.202877 2.307632 0.987397
v 0.222205 2.299315 0.891762
v -0.122129 2.276638 0.928732
v -0.086130 2.265236 0.840000
v -0.122584 2.276222 0.752275
v -0.027078 2.264830 0.759025
v 0.042830 2.274192 0.702869
v 0.069656 2.265099 0.789817
v 0.315505 2.362216 0.891762
v 0.289008 2.365700 0.987397
v 0.048268 2.362216 1.156058
v -0.050875 2.365700 1.160411
v -0.007810 2.329812 1.129121
v -0.285674 2.362216 0.983571
v -0.320451 2.365700 0.890626
v -0.277385 2.329812 0.921914
v -0.247616 2.341484 0.649612
v -0.207529 2.319656 0.645036
v 0.255275 2.349315 0.642658
v 0.219734 2.326980 0.641417
v 0.229493 2.365700 1.069313
v -0.147172 2.365700 1.129122
v -0.320737 2.365647 0.789833
v 0.293195 2.363705 0.698828
v -0.289643 2.398575 0.670526
v -0.289233 2.359755 0.702921
v -0.278049 2.329458 0.759024
v -0.268856 2.398910 1.035334
v -0.224823 2.362216 1.067326
v -0.163622 2.329812 1.078495
v 0.102694 2.398910 1.156058
v 0.146726 2.362216 1.124066
v 0.176262 2.329812 1.069312
v 0.332559 2.398913 0.840349
v 0.315798 2.362179 0.788689
v 0.273562 2.329494 0.744328
v 0.205911 2.306471 0.697599
v 0.118100 2.289974 0.670743
v -0.014346 2.281617 0.649655
v -0.079129 2.286794 0.645079
v -0.153926 2.296225 0.677272
v -0.210881 2.298960 0.752275
v -0.250769 2.307632 0.840000
v -0.210194 2.299315 0.928732
v -0.149342 2.299315 1.012486
v -0.077491 2.307632 1.078495
v 0.222287 2.299203 0.788637
v 0.151017 2.276542 0.840334
v 0.019437 2.299315 1.067325
v 0.117895 2.299315 1.035333
v -0.828472 2.276637 0.532185
v -0.811709 2.265235 0.437908
v -0.736464 2.265235 0.505658
v -0.674989 2.329812 0.704427
v -0.753673 2.307632 0.669395
v -0.661186 2.299315 0.638317
v -0.865370 2.276638 0.358599
v -0.770526 2.265236 0.345409
v -0.712810 2.276223 0.269910
v -0.670910 2.264831 0.355919
v -0.587643 2.274293 0.385709
v -0.649168 2.265114 0.455139
v -0.614536 2.362216 0.719116
v -0.710607 2.365700 0.743987
v -0.977042 2.362216 0.619830
v -1.030383 2.365700 0.536146
v -0.981752 2.329812 0.557797
v -0.994635 2.362216 0.244384
v -0.931530 2.365700 0.167794
v -0.937094 2.329812 0.220735
v -0.660163 2.317924 0.146736
v -0.688853 2.340838 0.107681
v -0.431442 2.348501 0.549137
v -0.444808 2.327224 0.518454
v -0.811305 2.365700 0.733403
v -1.051435 2.365700 0.437106
v -0.844415 2.365638 0.117153
v -0.459522 2.364512 0.606268
v -0.726888 2.398473 0.081819
v -0.753989 2.359441 0.101056
v -0.796407 2.329433 0.138717
v -1.031054 2.398910 0.284831
v -1.036743 2.362216 0.338960
v -1.015815 2.329812 0.397547
v -0.949829 2.398910 0.666965
v -0.900107 2.362216 0.689102
v -0.837921 2.329812 0.687303
v -0.561538 2.398908 0.708327
v -0.525198 2.362200 0.668046
v -0.507843 2.329537 0.609418
v -0.500081 2.307172 0.529630
v -0.519226 2.291176 0.439956
v -0.574365 2.281261 0.303783
v -0.600381 2.287572 0.248902
v -0.663607 2.296269 0.205090
v -0.756964 2.298945 0.193505
v -0.852846 2.307632 0.202827
v -0.909402 2.299315 0.282333
v -0.951509 2.299315 0.376909
v -0.972749 2.307632 0.472139
v -0.571788 2.299235 0.586880
v -0.652226 2.276554 0.550940
v -0.914612 2.299315 0.550495
v -0.837677 2.299315 0.619767
v 0.630157 2.273700 -0.316430
v 0.643898 2.264735 -0.403168
v 0.718834 2.265108 -0.334599
v 0.781629 2.329552 -0.134994
v 0.709781 2.308093 -0.165758
v 0.794205 2.299270 -0.201640
v 0.590355 2.276114 -0.482416
v 0.684397 2.265236 -0.494591
v 0.743241 2.276638 -0.570133
v 0.785094 2.265235 -0.484007
v 0.875122 2.276637 -0.451385
v 0.806145 2.265235 -0.384967
v 0.840952 2.362175 -0.120856
v 0.752451 2.363548 -0.095372
v 0.464620 2.361027 -0.604493
v 0.523707 2.365692 -0.672891
v 0.518356 2.329491 -0.620394
v 0.811920 2.362216 -0.728365
v 0.904262 2.365700 -0.692016
v 0.852194 2.329812 -0.680948
v 1.046834 2.362216 -0.434964
v 1.040798 2.365700 -0.335909
v 1.014182 2.329812 -0.382009
v 0.687604 2.348729 -0.096813
v 0.611079 2.365700 -0.722831
v 0.979507 2.365700 -0.624265
v 0.999615 2.365700 -0.243411
v 1.052523 2.398910 -0.489094
v 1.025309 2.362216 -0.536228
v 0.973943 2.329812 -0.571324
v 0.762198 2.398910 -0.750503
v 0.708960 2.362216 -0.739187
v 0.659709 2.329812 -0.701180
v 0.440727 2.399107 -0.598833
v 0.440268 2.341622 -0.542316
v 0.457489 2.317871 -0.500373
v 0.672881 2.329265 -0.119621
v 0.894060 2.398915 -0.132171
v 0.930041 2.362216 -0.172646
v 0.947547 2.329812 -0.232344
v 0.956549 2.307632 -0.318002
v 0.955572 2.299315 -0.415566
v 0.934049 2.299315 -0.516829
v 0.895259 2.307632 -0.606356
v 0.802167 2.299315 -0.635577
v 0.699209 2.299315 -0.646399
v 0.602077 2.307632 -0.637172
v 0.546137 2.298929 -0.558756
v 0.511614 2.295196 -0.471072
v 0.525603 2.282650 -0.395684
v 0.883391 2.299315 -0.253445
v 0.803269 2.276563 -0.289342
v 0.559269 2.278226 -0.344981
v 0.643202 2.291939 -0.227040
v 0.785094 2.265235 0.484007
v 0.806145 2.265235 0.384967
v 0.875122 2.276637 0.451385
v 0.883391 2.299315 0.253445
v 0.947547 2.329812 0.232344
v 0.956549 2.307632 0.318002
v 0.684396 2.265236 0.494591
v 0.743241 2.276638 0.570133
v 0.590355 2.276114 0.482416
v 0.643898 2.264735 0.403168
v 0.630157 2.273700 0.316430
v 0.718834 2.265108 0.334599
v 0.930041 2.362216 0.172646
v 0.999615 2.365700 0.243411
v 1.025309 2.362216 0.536228
v 0.979507 2.365700 0.624265
v 0.973943 2.329812 0.571324
v 0.708960 2.362216 0.739187
v 0.611079 2.365700 0.722831
v 0.659709 2.329812 0.701180
v 0.440268 2.341622 0.542316
v 0.457489 2.317871 0.500373
v 0.687604 2.348729 0.096813
v 0.672882 2.329265 0.119621
v 1.040798 2.365700 0.335909
v 0.904262 2.365700 0.692016
v 0.523707 2.365692 0.672891
v 0.752451 2.363548 0.095372
v 0.440727 2.399107 0.598833
v 0.464620 2.361027 0.604493
v 0.518356 2.329491 0.620394
v 0.762198 2.398910 0.750503
v 0.811920 2.362216 0.728365
v 0.852194 2.329812 0.680948
v 1.052523 2.398910 0.489094
v 1.046833 2.362216 0.434964
v 1.014182 2.329812 0.382009
v 0.894060 2.398915 0.132171
v 0.840952 2.362175 0.120856
v 0.781629 2.329552 0.134994
v 0.709781 2.308093 0.165758
v 0.643202 2.291939 0.227040
v 0.559269 2.278226 0.344981
v 0.525603 2.282650 0.395684
v 0.511614 2.295196 0.471072
v 0.546137 2.298929 0.558756
v 0.602077 2.307632 0.637172
v 0.699209 2.299315 0.646399
v 0.802167 2.299315 0.635577
v 0.895259 2.307632 0.606356
v 0.794205 2.299270 0.201640
v 0.803269 2.276563 0.289342
v 0.934049 2.299315 0.516829
v 0.955572 2.299315 0.415566
v -0.670910 2.264831 -0.355919
v -0.649168 2.265114 -0.455139
v -0.587643 2.274293 -0.385709
v -0.571788 2.299235 -0.586880
v -0.507843 2.329537 -0.609418
v -0.500081 2.307172 -0.529630
v -0.770526 2.265236 -0.345409
v -0.712810 2.276223 -0.269910
v -0.865370 2.276638 -0.358599
v -0.811709 2.265235 -0.437908
v -0.828472 2.276637 -0.532185
v -0.736464 2.265235 -0.505658
v -0.525198 2.362200 -0.668046
v -0.459522 2.364512 -0.606268
v -0.753989 2.359441 -0.101056
v -0.844415 2.365638 -0.117153
v -0.796407 2.329433 -0.138717
v -1.036743 2.362216 -0.338960
v -1.051435 2.365700 -0.437106
v -1.015815 2.329812 -0.397547
v -0.900107 2.362216 -0.689102
v -0.811306 2.365700 -0.733403
v -0.837921 2.329812 -0.687303
v -0.431442 2.348501 -0.549137
v -0.931530 2.365700 -0.167794
v -1.030383 2.365700 -0.536146
v -0.710607 2.365700 -0.743987
v -0.949829 2.398910 -0.666965
v -0.977042 2.362216 -0.619830
v -0.981753 2.329812 -0.557797
v -1.031054 2.398910 -0.284831
v -0.994635 2.362216 -0.244384
v -0.937094 2.329812 -0.220735
v -0.726888 2.398473 -0.081819
v -0.688853 2.340838 -0.107681
v -0.660163 2.317924 -0.146736
v -0.444808 2.327224 -0.518454
v -0.561538 2.398908 -0.708327
v -0.614536 2.362216 -0.719116
v -0.674989 2.329812 -0.704427
v -0.753672 2.307632 -0.669395
v -0.837677 2.299315 -0.619767
v -0.914612 2.299315 -0.550495
v -0.972749 2.307632 -0.472139
v -0.951509 2.299315 -0.376909
v -0.909402 2.299315 -0.282333
v -0.852846 2.307632 -0.202827
v -0.756964 2.298945 -0.193505
v -0.663607 2.296269 -0.205090
v -0.600381 2.287572 -0.248902
v -0.661186 2.299315 -0.638317
v -0.652226 2.276554 -0.550940
v -0.574365 2.281261 -0.303783
v -0.519226 2.291176 -0.439956
v 0.061696 2.133514 0.189878
v 0.471851 2.219066 0.200418
v -0.161520 2.133514 0.117351
v -0.161520 2.133514 -0.117351
v 0.061696 2.133514 -0.189878
v 0.576381 2.282426 0.237233
v 0.000883 2.284261 0.621119
v -0.589198 2.289678 0.211037
v -0.406536 2.327301 -0.517124
v 0.416808 2.322991 -0.507191
v 0.423360 2.394370 0.577382
v 0.518539 2.280875 0.385054
v -0.244603 2.340140 0.619416
v -0.666967 2.345420 -0.000000
v -0.244603 2.340140 -0.619416
v 0.518539 2.280875 -0.385054
v 0.423360 2.394370 -0.577382
v 0.241674 2.338343 -0.610926
v 0.000883 2.284261 -0.621119
v -0.422577 2.394723 -0.577914
v -0.498191 2.286398 -0.390029
v -0.589198 2.289678 -0.211037
v -0.422577 2.394722 0.577914
v -0.498191 2.286398 0.390029
v -0.406536 2.327301 0.517124
v 0.241674 2.338343 0.610926
v 0.416808 2.322991 0.507191
v 0.657277 2.340307 -0.000000
v 0.576381 2.282426 -0.237233
v 0.337147 2.220864 -0.388310
v 0.124853 2.179924 -0.383371
v -0.042780 2.219511 -0.510585
v -0.267764 2.221206 -0.438861
v -0.326110 2.179759 -0.237021
v -0.498810 2.219521 -0.118065
v -0.498810 2.219521 0.118065
v -0.326110 2.179759 0.237021
v -0.267764 2.221206 0.438861
v 0.471851 2.219066 -0.200418
v 0.403114 2.179834 0.000000
v 0.199650 2.133514 -0.000000
v -0.042780 2.219511 0.510585
v 0.124853 2.179924 0.383371
v 0.337147 2.220864 0.388310
v 0.030233 2.266338 -0.746151
v 0.237179 2.310078 -0.741450
v -0.080903 2.266620 -0.781636
v -0.080760 2.266757 -0.898675
v 0.030848 2.266757 -0.934939
v 0.299147 2.351568 -0.741671
v -0.300444 2.351498 -0.746157
v -0.182941 2.351908 -1.095805
v 0.186754 2.351908 -1.093035
v 0.277986 2.371058 -0.658802
v -0.330754 2.377613 -0.840131
v -0.102181 2.377614 -1.154482
v 0.267514 2.377614 -1.034359
v 0.100816 2.374038 -1.150276
v -0.002355 2.351908 -1.154481
v -0.263937 2.374038 -1.031761
v -0.299818 2.351908 -0.934939
v -0.273459 2.366210 -0.662913
v -0.230281 2.331028 -0.639627
v 0.237143 2.338681 -0.632052
v 0.326333 2.374040 -0.840131
v 0.298362 2.351908 -0.939420
v 0.167689 2.310313 -1.034359
v 0.062308 2.290025 -1.031760
v -0.021419 2.310313 -1.095804
v -0.133028 2.310313 -1.059541
v -0.163121 2.290025 -0.958514
v -0.249905 2.310314 -0.898676
v -0.250134 2.310199 -0.781636
v -0.163944 2.289471 -0.723167
v -0.145073 2.301925 -0.644492
v 0.236666 2.310314 -0.939419
v 0.201651 2.289990 -0.840125
v 0.099847 2.266721 -0.840125
v -0.044046 2.283465 -0.639711
v 0.049224 2.282897 -0.663134
v 0.170852 2.306746 -0.653118
v 0.030848 2.266757 0.934939
v 0.236666 2.310314 0.939419
v -0.080760 2.266757 0.898676
v -0.080903 2.266620 0.781636
v 0.030233 2.266338 0.746151
v 0.298362 2.351908 0.939419
v -0.002355 2.351908 1.154481
v -0.299818 2.351908 0.934939
v -0.230281 2.331028 0.639627
v 0.237143 2.338681 0.632052
v 0.267514 2.377614 1.034359
v -0.102181 2.377614 1.154482
v -0.330754 2.377613 0.840131
v 0.277986 2.371058 0.658802
v -0.273459 2.366210 0.662914
v -0.300444 2.351498 0.746157
v -0.263937 2.374038 1.031761
v -0.182941 2.351908 1.095805
v 0.100816 2.374038 1.150276
v 0.186754 2.351908 1.093035
v 0.326333 2.374040 0.840131
v 0.299147 2.351568 0.741671
v 0.170852 2.306746 0.653118
v 0.049224 2.282897 0.663134
v -0.044046 2.283465 0.639711
v -0.145073 2.301925 0.644492
v -0.163944 2.289471 0.723167
v -0.250134 2.310199 0.781635
v -0.249905 2.310314 0.898676
v -0.163121 2.290025 0.958514
v -0.133028 2.310313 1.059541
v 0.237179 2.310078 0.741450
v 0.201651 2.289990 0.840125
v 0.099847 2.266721 0.840125
v -0.021419 2.310313 1.095804
v 0.062308 2.290025 1.031760
v 0.167689 2.310313 1.034359
v -0.794257 2.266757 0.494185
v -0.695228 2.310314 0.674668
v -0.818656 2.266757 0.379398
v -0.717378 2.266620 0.320731
v -0.631131 2.266357 0.398743
v -0.664380 2.351908 0.728099
v -1.000987 2.351908 0.575201
v -0.959590 2.351908 0.207820
v -0.667115 2.329424 0.118991
v -0.430473 2.337015 0.528564
v -0.762024 2.377614 0.748854
v -1.050901 2.377614 0.488750
v -0.892958 2.377613 0.133624
v -0.433506 2.374705 0.579138
v -0.712928 2.365510 0.091525
v -0.796520 2.351444 0.112900
v -1.025500 2.374038 0.287304
v -1.040466 2.351908 0.389471
v -0.945761 2.374038 0.662447
v -0.853219 2.351908 0.708251
v -0.564428 2.374038 0.702733
v -0.492883 2.351726 0.630427
v -0.475383 2.309035 0.484501
v -0.550009 2.283372 0.362495
v -0.580656 2.283678 0.273668
v -0.631897 2.301252 0.196723
v -0.708283 2.289474 0.219556
v -0.801996 2.310193 0.174195
v -0.903228 2.310314 0.232914
v -0.911659 2.290025 0.337990
v -0.984103 2.310313 0.414565
v -0.523331 2.310204 0.576602
v -0.626739 2.289994 0.594693
v -0.677641 2.266726 0.506528
v -0.959704 2.310313 0.529353
v -0.862376 2.290025 0.569840
v -0.811937 2.310313 0.662402
v 0.661315 2.266245 -0.347257
v 0.761197 2.310372 -0.164461
v 0.636505 2.266589 -0.460939
v 0.737896 2.266757 -0.519278
v 0.825105 2.266757 -0.440754
v 0.792011 2.351546 -0.111721
v 0.496049 2.351732 -0.633701
v 0.857524 2.351908 -0.706334
v 1.039973 2.351908 -0.384784
v 0.711382 2.370620 -0.085310
v 0.562218 2.377615 -0.706562
v 0.948720 2.377614 -0.665732
v 1.029539 2.377614 -0.285505
v 1.046576 2.374038 -0.487829
v 0.998633 2.351908 -0.579280
v 0.761562 2.374038 -0.744457
v 0.659772 2.351908 -0.727119
v 0.437903 2.371328 -0.576103
v 0.440390 2.329406 -0.519360
v 0.671976 2.338781 -0.102622
v 0.890747 2.374040 -0.137453
v 0.962742 2.351908 -0.211321
v 0.979625 2.310313 -0.371957
v 0.924684 2.290025 -0.461920
v 0.938285 2.310313 -0.566452
v 0.851075 2.310313 -0.644976
v 0.748537 2.290025 -0.620524
v 0.653324 2.310314 -0.665762
v 0.551863 2.310197 -0.607449
v 0.544667 2.289289 -0.503427
v 0.491928 2.298211 -0.445291
v 0.931894 2.310314 -0.264751
v 0.828399 2.289998 -0.245413
v 0.777497 2.266729 -0.333578
v 0.538327 2.278413 -0.365423
v 0.600357 2.281585 -0.292386
v 0.661214 2.312512 -0.157882
v 0.825105 2.266757 0.440754
v 0.931894 2.310314 0.264751
v 0.737896 2.266757 0.519278
v 0.636505 2.266589 0.460939
v 0.661315 2.266245 0.347257
v 0.962742 2.351908 0.211321
v 0.998633 2.351908 0.579280
v 0.659772 2.351908 0.727119
v 0.440390 2.329406 0.519360
v 0.671975 2.338781 0.102622
v 1.029539 2.377614 0.285505
v 0.948720 2.377614 0.665732
v 0.562218 2.377615 0.706562
v 0.711382 2.370620 0.085310
v 0.437903 2.371328 0.576103
v 0.496049 2.351732 0.633701
v 0.761562 2.374038 0.744457
v 0.857524 2.351908 0.706334
v 1.046576 2.374038 0.487829
v 1.039973 2.351908 0.384784
v 0.890747 2.374040 0.137453
v 0.792011 2.351546 0.111721
v 0.661214 2.312512 0.157882
v 0.600357 2.281585 0.292386
v 0.538327 2.278413 0.365423
v 0.491928 2.298211 0.445291
v 0.544667 2.289289 0.503427
v 0.551863 2.310197 0.607449
v 0.653324 2.310314 0.665762
v 0.748537 2.290025 0.620525
v 0.851075 2.310313 0.644976
v 0.761197 2.310372 0.164461
v 0.828399 2.289998 0.245413
v 0.777497 2.266729 0.333578
v 0.938285 2.310313 0.566452
v 0.924684 2.290025 0.461920
v 0.979625 2.310313 0.371957
v -0.631131 2.266357 -0.398743
v -0.523331 2.310204 -0.576602
v -0.717378 2.266620 -0.320731
v -0.818656 2.266757 -0.379398
v -0.794257 2.266757 -0.494185
v -0.492883 2.351726 -0.630427
v -0.796520 2.351444 -0.112900
v -1.040466 2.351908 -0.389471
v -0.853219 2.351908 -0.708251
v -0.433506 2.374705 -0.579138
v -0.892958 2.377613 -0.133624
v -1.050901 2.377614 -0.488750
v -0.762024 2.377614 -0.748854
v -0.945761 2.374038 -0.662447
v -1.000987 2.351908 -0.575201
v -1.025500 2.374038 -0.287304
v -0.959590 2.351908 -0.207820
v -0.712928 2.365510 -0.091525
v -0.667115 2.329424 -0.118991
v -0.430473 2.337015 -0.528564
v -0.564428 2.374038 -0.702733
v -0.664380 2.351908 -0.728099
v -0.811937 2.310313 -0.662402
v -0.862377 2.290025 -0.569840
v -0.959704 2.310313 -0.529353
v -0.984103 2.310313 -0.414565
v -0.911659 2.290025 -0.337990
v -0.903228 2.310314 -0.232914
v -0.801996 2.310193 -0.174195
v -0.708283 2.289474 -0.219556
v -0.631897 2.301252 -0.196723
v -0.695228 2.310314 -0.674668
v -0.626739 2.289994 -0.594693
v -0.677641 2.266726 -0.506528
v -0.580656 2.283678 -0.273668
v -0.550009 2.283372 -0.362495
v -0.475383 2.309035 -0.484501
v -0.102670 2.400000 -1.155985
v 0.000000 2.400000 -1.172951
v -0.000000 2.400000 -1.172951
v 0.000004 2.400000 -1.172950
v 0.102670 2.400000 -1.155985
v -0.000000 2.400000 -1.172951
v -0.000000 2.400000 -1.172951
v 0.195704 2.400000 -1.109363
v 0.195704 2.400000 -1.109363
v 0.195702 2.400000 -1.109364
v 0.268794 2.400000 -1.035289
v 0.195704 2.400000 -1.109363
v 0.195704 2.400000 -1.109363
v -1.058588 2.400000 -0.385197
v -1.058588 2.400000 -0.385197
v -1.058588 2.400000 -0.385197
v -1.058588 2.400000 -0.385197
v -1.058587 2.400000 -0.385192
v -1.030983 2.400000 -0.284862
v -1.052448 2.400000 -0.489078
v -1.015805 2.400000 -0.586475
v -1.015805 2.400000 -0.586475
v -1.015805 2.400000 -0.586475
v -0.949778 2.400000 -0.666907
v -1.015803 2.400000 -0.586479
v -1.015805 2.400000 -0.586475
v -0.268794 2.400000 1.035289
v -0.195707 2.400000 1.109360
v -0.195704 2.400000 1.109363
v -0.195704 2.400000 1.109363
v -0.195704 2.400000 1.109363
v -0.195704 2.400000 1.109363
v -0.000000 2.400000 1.172951
v 0.000000 2.400000 1.172951
v -0.000000 2.400000 1.172951
v 0.102670 2.400000 1.155985
v 0.000004 2.400000 1.172950
v 0.000000 2.400000 1.172951
v -0.102670 2.400000 1.155985
v 1.015805 2.400000 0.586476
v 0.949778 2.400000 0.666907
v 1.015807 2.400000 0.586471
v 1.015805 2.400000 0.586475
v 1.015805 2.400000 0.586475
v 1.015805 2.400000 0.586476
v 1.058588 2.400000 0.385201
v 1.058588 2.400000 0.385197
v 1.030983 2.400000 0.284862
v 1.058588 2.400000 0.385197
v 1.058588 2.400000 0.385197
v 1.052448 2.400000 0.489078
v 1.058588 2.400000 0.385197
v -1.058588 2.400000 0.385197
v -1.058588 2.400000 0.385197
v -1.058588 2.400000 0.385197
v -1.058587 2.400000 0.385192
v -1.052448 2.400000 0.489078
v -1.030983 2.400000 0.284862
v -1.058588 2.400000 0.385197
v -1.015805 2.400000 0.586475
v -1.015805 2.400000 0.586475
v -1.015805 2.400000 0.586475
v -1.015803 2.400000 0.586479
v -1.015805 2.400000 0.586475
v -0.974897 2.400000 0.197219
v -0.974897 2.400000 -0.197219
v -0.974892 2.400000 0.197211
v -0.974892 2.400000 0.197212
v -0.974892 2.400000 -0.197212
v -0.974892 2.400000 -0.197211
v -0.974891 2.400000 0.197211
v -0.974891 2.400000 -0.197211
v -0.974892 2.400000 0.197211
v -0.974892 2.400000 -0.197211
v -0.862884 2.400000 -0.724166
v -0.862884 2.400000 -0.724166
v -0.862884 2.400000 -0.724166
v -0.862884 2.400000 -0.724166
v -0.862886 2.400000 -0.724165
v -0.894009 2.400000 0.132238
v -0.894009 2.400000 -0.132238
v -0.966894 2.400000 0.646058
v -0.809983 2.400000 -0.097357
v -0.809983 2.400000 0.097357
v -0.801987 2.400000 0.094107
v -0.802229 2.400000 0.094175
v -0.802229 2.400000 -0.094175
v -0.727916 2.400000 0.082364
v -0.727916 2.400000 -0.082364
v -0.801987 2.400000 -0.094107
v -0.683559 2.400000 -0.031066
v -0.683559 2.400000 0.031066
v -0.675684 2.400000 -0.000000
v -0.483086 2.400000 -0.649396
v -0.483165 2.400000 -0.649459
v -0.483031 2.400000 -0.649335
v -0.482994 2.400000 -0.649288
v -0.481517 2.400000 -0.647546
v -0.428367 2.400000 -0.584617
v -0.428088 2.400000 -0.584407
v -0.428507 2.400000 -0.584748
v -0.421285 2.400000 -0.580700
v -0.440481 2.400000 -0.598162
v -0.389056 2.400000 -0.579677
v -0.561569 2.400000 -0.708245
v -0.690621 2.400000 0.058103
v -0.689982 2.400000 0.057593
v -0.689789 2.400000 0.056854
v -0.726122 2.400000 0.081991
v -0.726122 2.400000 -0.081991
v -0.690621 2.400000 -0.058103
v -0.689789 2.400000 -0.056854
v -0.689982 2.400000 -0.057593
v -0.762190 2.400000 -0.750426
v -0.381048 2.400000 -0.580007
v -0.382506 2.400000 -0.579113
v -0.379692 2.400000 -0.580743
v -0.319433 2.400000 -0.741555
v -0.319388 2.400000 -0.741378
v -0.316656 2.400000 -0.942887
v -0.316656 2.400000 -0.942887
v -0.316656 2.400000 -0.942886
v -0.289096 2.400000 -0.669976
v -0.292888 2.400000 -0.611004
v -0.288524 2.400000 -0.668938
v -0.316652 2.400000 -0.942895
v -0.316656 2.400000 -0.942887
v -0.320269 2.400000 -0.747708
v -0.332475 2.400000 -0.840339
v -0.275716 2.400000 -0.635748
v -0.285863 2.400000 -0.621737
v -0.275596 2.400000 -0.635525
v -0.195704 2.400000 -1.109363
v -0.195704 2.400000 -1.109363
v -0.195704 2.400000 -1.109363
v -0.195704 2.400000 -1.109363
v -0.195707 2.400000 -1.109360
v 0.275596 2.400000 -0.635525
v 0.275716 2.400000 -0.635748
v 0.276098 2.400000 -0.636477
v 0.289096 2.400000 -0.669976
v 0.285864 2.400000 -0.621736
v 0.292888 2.400000 -0.611004
v -0.268794 2.400000 -1.035289
v 0.319388 2.400000 -0.741378
v 0.319433 2.400000 -0.741555
v 0.381049 2.400000 -0.580007
v 0.379692 2.400000 -0.580743
v 0.382506 2.400000 -0.579113
v 0.320270 2.400000 -0.747715
v 0.481512 2.400000 -0.647541
v 0.482994 2.400000 -0.649288
v 0.483030 2.400000 -0.649335
v 0.428088 2.400000 -0.584407
v 0.428367 2.400000 -0.584617
v 0.428507 2.400000 -0.584748
v 0.421285 2.400000 -0.580700
v 0.440481 2.400000 -0.598162
v 0.389056 2.400000 -0.579677
v 0.383697 2.400000 -0.579303
v 0.483086 2.400000 -0.649396
v 0.483165 2.400000 -0.649459
v 0.658236 2.400000 -0.745675
v 0.658245 2.400000 -0.745676
v 0.658236 2.400000 -0.745675
v 0.658236 2.400000 -0.745675
v 0.561569 2.400000 -0.708245
v 0.658236 2.400000 -0.745675
v 0.862884 2.400000 -0.724166
v 0.862884 2.400000 -0.724166
v 0.862880 2.400000 -0.724167
v 0.949778 2.400000 -0.666907
v 0.966894 2.400000 -0.646058
v 0.862885 2.400000 -0.724166
v 0.862885 2.400000 -0.724166
v 0.762190 2.400000 -0.750426
v 0.332475 2.400000 -0.840339
v -0.383698 2.400000 -0.579303
v -0.862888 2.400000 0.724163
v -0.949778 2.400000 0.666907
v -0.862884 2.400000 0.724166
v -0.862884 2.400000 0.724166
v -0.862884 2.400000 0.724166
v -0.862885 2.400000 0.724166
v -0.762190 2.400000 0.750426
v -0.561569 2.400000 0.708245
v -0.482994 2.400000 0.649288
v -0.483031 2.400000 0.649335
v -0.481517 2.400000 0.647546
v -0.483086 2.400000 0.649396
v -0.483165 2.400000 0.649459
v -0.428088 2.400000 0.584407
v -0.428367 2.400000 0.584617
v -0.428507 2.400000 0.584748
v -0.382506 2.400000 0.579113
v -0.383697 2.400000 0.579303
v -0.381048 2.400000 0.580007
v -0.389056 2.400000 0.579677
v -0.421285 2.400000 0.580700
v -0.440481 2.400000 0.598162
v -0.319433 2.400000 0.741555
v -0.319388 2.400000 0.741378
v -0.320269 2.400000 0.747708
v -0.379692 2.400000 0.580743
v -0.316656 2.400000 0.942887
v -0.316656 2.400000 0.942886
v -0.332475 2.400000 0.840339
v -0.316651 2.400000 0.942895
v -0.316656 2.400000 0.942887
v -0.316656 2.400000 0.942887
v -0.285863 2.400000 0.621737
v -0.289096 2.400000 0.669976
v -0.276098 2.400000 0.636477
v -0.292888 2.400000 0.611004
v 0.195700 2.400000 1.109365
v 0.195704 2.400000 1.109363
v 0.195704 2.400000 1.109363
v -0.275596 2.400000 0.635525
v -0.275716 2.400000 0.635748
v 0.289096 2.400000 0.669976
v 0.292888 2.400000 0.611004
v 0.288524 2.400000 0.668938
v 0.285864 2.400000 0.621736
v 0.275716 2.400000 0.635748
v 0.275596 2.400000 0.635525
v 0.319433 2.400000 0.741555
v 0.319388 2.400000 0.741378
v 0.379692 2.400000 0.580743
v 0.381049 2.400000 0.580007
v 0.382506 2.400000 0.579113
v 0.320270 2.400000 0.747715
v 0.268794 2.400000 1.035289
v 0.332475 2.400000 0.840339
v 0.195704 2.400000 1.109363
v 0.195704 2.400000 1.109363
v 0.421285 2.400000 0.580700
v 0.389056 2.400000 0.579677
v 0.440481 2.400000 0.598162
v 0.428507 2.400000 0.584748
v 0.428088 2.400000 0.584407
v 0.428367 2.400000 0.584617
v 0.483086 2.400000 0.649396
v 0.483165 2.400000 0.649459
v 0.658236 2.400000 0.745675
v 0.658236 2.400000 0.745675
v 0.658236 2.400000 0.745675
v 0.482994 2.400000 0.649287
v 0.481512 2.400000 0.647541
v 0.483030 2.400000 0.649335
v 0.561569 2.400000 0.708245
v 0.675684 2.400000 -0.000000
v 0.683558 2.400000 0.031063
v 0.683558 2.400000 -0.031063
v 0.801812 2.400000 0.094073
v 0.801987 2.400000 0.094107
v 0.801987 2.400000 -0.094107
v 0.727916 2.400000 -0.082364
v 0.724903 2.400000 0.080992
v 0.726122 2.400000 0.081991
v 0.689982 2.400000 0.057593
v 0.689789 2.400000 0.056853
v 0.726122 2.400000 -0.081991
v 0.690621 2.400000 -0.058103
v 0.689789 2.400000 -0.056853
v 0.689982 2.400000 -0.057593
v 0.658245 2.400000 0.745676
v 0.658236 2.400000 0.745675
v 0.762190 2.400000 0.750427
v 0.809992 2.400000 0.097361
v 0.809992 2.400000 -0.097361
v 0.802229 2.400000 0.094175
v 0.802229 2.400000 -0.094175
v 0.862880 2.400000 0.724167
v 0.862884 2.400000 0.724166
v 0.862884 2.400000 0.724166
v 0.862885 2.400000 0.724166
v 0.862885 2.400000 0.724166
v 0.894009 2.400000 0.132238
v 0.894009 2.400000 -0.132238
v 1.015805 2.400000 -0.586475
v 1.015807 2.400000 -0.586471
v 1.015805 2.400000 -0.586475
v 1.015805 2.400000 -0.586476
v 1.015805 2.400000 -0.586475
v 1.030983 2.400000 -0.284862
v 1.058588 2.400000 -0.385197
v 1.058588 2.400000 -0.385199
v 1.052448 2.400000 -0.489078
v 1.058588 2.400000 -0.385197
v 1.058588 2.400000 -0.385197
v 1.058588 2.400000 -0.385197
v 0.383697 2.400000 0.579303
vn 0.0980 -0.0000 -0.9952
vn 0.2903 -0.0000 -0.9569
vn 0.4714 -0.0000 -0.8819
vn 0.6344 -0.0000 -0.7730
vn 0.7730 -0.0000 -0.6344
vn 0.8819 -0.0000 -0.4714
vn 0.9569 -0.0000 -0.2903
vn 0.9952 -0.0000 -0.0980
vn 0.9952 -0.0000 0.0980
vn 0.9569 -0.0000 0.2903
vn 0.8819 -0.0000 0.4714
vn 0.7730 -0.0000 0.6344
vn 0.6344 -0.0000 0.7730
vn 0.4714 -0.0000 0.8819
vn 0.2903 -0.0000 0.9569
vn 0.0980 -0.0000 0.9952
vn -0.0980 -0.0000 0.9952
vn -0.2903 -0.0000 0.9569
vn -0.4714 -0.0000 0.8819
vn -0.6344 -0.0000 0.7730
vn -0.7730 -0.0000 0.6344
vn -0.8819 -0.0000 0.4714
vn -0.9569 -0.0000 0.2903
vn -0.9952 -0.0000 0.0980
vn -0.9952 -0.0000 -0.0980
vn -0.9569 -0.0000 -0.2903
vn -0.8819 -0.0000 -0.4714
vn -0.7730 -0.0000 -0.6344
vn -0.6344 -0.0000 -0.7730
vn -0.4714 -0.0000 -0.8819
vn -0.0000 1.0000 -0.0000
vn -0.2903 -0.0000 -0.9569
vn -0.0980 -0.0000 -0.9952
vn -0.0000 -1.0000 -0.0000
vn 0.0967 -0.1636 0.9818
vn 0.2864 -0.1636 0.9440
vn 0.4650 -0.1636 0.8700
vn 0.6258 -0.1636 0.7626
vn 0.7626 -0.1636 0.6258
vn 0.8700 -0.1636 0.4650
vn 0.9440 -0.1636 0.2864
vn 0.9818 -0.1636 0.0967
vn 0.9818 -0.1636 -0.0967
vn 0.9440 -0.1636 -0.2864
vn 0.8700 -0.1636 -0.4650
vn 0.7626 -0.1636 -0.6258
vn 0.6258 -0.1636 -0.7626
vn 0.4650 -0.1636 -0.8700
vn 0.2864 -0.1636 -0.9440
vn 0.0967 -0.1636 -0.9818
vn -0.0967 -0.1636 -0.9818
vn -0.2864 -0.1636 -0.9440
vn -0.4650 -0.1636 -0.8700
vn -0.6258 -0.1636 -0.7626
vn -0.7626 -0.1636 -0.6258
vn -0.8700 -0.1636 -0.4650
vn -0.9440 -0.1636 -0.2864
vn -0.9818 -0.1636 -0.0967
vn -0.9818 -0.1636 0.0967
vn -0.9440 -0.1636 0.2864
vn -0.8700 -0.1636 0.4650
vn -0.7626 -0.1636 0.6258
vn -0.6258 -0.1636 0.7626
vn -0.4650 -0.1636 0.8700
vn -0.2864 -0.1636 0.9440
vn -0.0967 -0.1636 0.9818
vn -0.0195 0.9980 -0.0599
vn -0.1240 0.9807 -0.1510
vn 0.0116 0.9807 -0.1951
vn -0.4040 0.8893 -0.2142
vn -0.2813 0.9499 -0.1359
vn -0.4398 0.8953 -0.0704
vn 0.1891 0.9807 -0.0493
vn 0.0510 0.9980 -0.0370
vn 0.1053 0.9807 -0.1646
vn 0.1053 0.9807 0.1646
vn 0.0510 0.9980 0.0370
vn 0.1891 0.9807 0.0493
vn 0.0116 0.9807 0.1951
vn -0.1240 0.9807 0.1510
vn -0.0195 0.9980 0.0599
vn -0.2873 0.9560 -0.0601
vn -0.4144 0.8945 -0.1679
vn -0.5707 0.8168 -0.0845
vn -0.4937 0.8689 -0.0340
vn -0.2873 0.9560 0.0598
vn -0.2190 0.9754 -0.0253
vn 0.1168 0.9800 -0.1612
vn 0.0995 0.8334 -0.5436
vn -0.0958 0.8451 -0.5259
vn -0.1099 0.9548 -0.2763
vn -0.1231 0.9810 0.1502
vn -0.0204 0.9988 -0.0439
vn 0.1375 0.8988 0.4163
vn 0.5967 0.7962 -0.0999
vn 0.4607 0.8666 -0.1917
vn 0.3321 0.9387 -0.0928
vn -0.1304 0.9863 0.1013
vn 0.3650 0.9310 0.0042
vn 0.3486 0.9321 0.0981
vn 0.5622 0.8238 -0.0727
vn 0.3433 0.5411 0.7677
vn 0.3307 0.7419 0.5833
vn 0.3504 0.8175 0.4571
vn 0.1297 0.8898 0.4376
vn 0.1637 0.8149 0.5560
vn 0.1094 0.7587 0.6422
vn -0.2032 0.6383 0.7425
vn -0.3212 0.8222 0.4698
vn -0.3011 0.7568 0.5802
vn -0.3134 0.5791 0.7526
vn 0.2328 0.6794 0.6959
vn 0.0238 0.7764 0.6299
vn -0.1067 0.8780 0.4666
vn -0.1380 0.8830 0.4486
vn 0.4890 0.5177 -0.7021
vn 0.0199 0.6331 -0.7738
vn 0.3024 0.6333 -0.7124
vn -0.2535 0.9189 -0.3021
vn -0.0489 0.9936 -0.1014
vn -0.0392 0.9632 -0.2658
vn -0.1551 0.9071 -0.3913
vn 0.8055 0.5120 -0.2985
vn 0.3863 0.3107 -0.8685
vn 0.3034 0.7131 -0.6320
vn 0.3531 0.9100 -0.2173
vn 0.3702 0.9193 0.1332
vn 0.6644 0.7140 -0.2209
vn 0.7336 0.6796 -0.0000
vn 0.6843 0.7271 0.0559
vn 0.7959 0.5977 0.0966
vn 0.9588 0.1681 0.2290
vn 0.9588 0.1681 -0.2290
vn 0.7959 0.5977 -0.0966
vn 0.6843 0.7271 -0.0559
vn 0.3702 0.9193 -0.1332
vn 0.3531 0.9100 0.2173
vn 0.3034 0.7131 0.6320
vn 0.3863 0.3107 0.8685
vn 0.8055 0.5120 0.2985
vn 0.6644 0.7140 0.2209
vn -0.2535 0.9189 0.3021
vn -0.1551 0.9071 0.3913
vn -0.0392 0.9632 0.2658
vn -0.0489 0.9936 0.1014
vn 0.0199 0.6331 0.7738
vn 0.4890 0.5177 0.7021
vn 0.3024 0.6333 0.7124
vn 0.4185 -0.4976 0.7598
vn 0.0318 -0.4926 0.8697
vn -0.2066 -0.5944 0.7772
vn 0.6699 -0.5621 0.4851
vn 0.9296 -0.2919 -0.2251
vn 0.9296 -0.2919 0.2251
vn 0.6699 -0.5621 -0.4851
vn -0.2066 -0.5944 -0.7772
vn 0.0318 -0.4926 -0.8697
vn 0.4185 -0.4976 -0.7598
vn -0.3277 -0.1356 0.9350
vn -0.7181 -0.5133 0.4700
vn -0.3616 0.4123 0.8362
vn -0.2932 0.7334 0.6134
vn -0.3688 0.8901 0.2677
vn -0.4452 0.8670 0.2238
vn -0.6177 0.7390 0.2690
vn -0.7800 0.5490 0.3004
vn -0.0958 0.8451 0.5259
vn 0.0995 0.8334 0.5436
vn 0.1168 0.9800 0.1612
vn 0.1375 0.8988 -0.4163
vn -0.0204 0.9988 0.0439
vn -0.1231 0.9810 -0.1502
vn -0.1099 0.9548 0.2763
vn -0.0503 0.5891 0.8065
vn -0.3102 0.5751 0.7570
vn -0.5015 0.4122 0.7607
vn 0.0721 0.9697 0.2335
vn 0.2232 0.8994 0.3758
vn 0.3706 0.8631 0.3431
vn 0.2674 0.9362 0.2281
vn 0.4607 0.8666 0.1917
vn 0.5967 0.7962 0.0999
vn 0.5622 0.8238 0.0727
vn 0.3485 0.9321 -0.0981
vn 0.3650 0.9310 -0.0042
vn -0.1304 0.9863 -0.1013
vn 0.3321 0.9387 0.0928
vn -0.5015 0.4122 -0.7607
vn -0.3102 0.5751 -0.7570
vn -0.0503 0.5891 -0.8065
vn 0.0721 0.9697 -0.2335
vn 0.2674 0.9362 -0.2281
vn 0.3706 0.8631 -0.3431
vn 0.2232 0.8994 -0.3758
vn 0.1297 0.8898 -0.4376
vn 0.3504 0.8175 -0.4571
vn 0.3307 0.7419 -0.5833
vn 0.3433 0.5411 -0.7677
vn -0.2032 0.6383 -0.7425
vn 0.1094 0.7587 -0.6422
vn 0.1637 0.8149 -0.5560
vn -0.7181 -0.5133 -0.4700
vn -0.3277 -0.1355 -0.9350
vn -0.3688 0.8901 -0.2677
vn -0.2932 0.7334 -0.6134
vn -0.3616 0.4123 -0.8362
vn -0.7800 0.5490 -0.3004
vn -0.6177 0.7390 -0.2690
vn -0.4452 0.8670 -0.2238
vn 0.2328 0.6794 -0.6959
vn -0.3134 0.5791 -0.7526
vn -0.3011 0.7568 -0.5802
vn -0.3212 0.8222 -0.4698
vn -0.1380 0.8830 -0.4486
vn -0.1067 0.8780 -0.4666
vn 0.0238 0.7763 -0.6299
vn -0.9579 -0.1530 0.2428
vn -0.9579 -0.1530 -0.2428
vn -0.7976 0.5967 -0.0878
vn -0.9299 0.2852 -0.2323
vn -0.9299 0.2852 0.2323
vn -0.7976 0.5967 0.0878
vn -0.7733 0.6282 0.0861
vn -0.6339 0.7706 0.0657
vn -0.6952 0.7188 -0.0000
vn -0.6339 0.7706 -0.0657
vn -0.7733 0.6282 -0.0861
vn -0.4937 0.8689 0.0340
vn -0.5707 0.8168 0.0845
vn -0.4144 0.8945 0.1679
vn -0.2873 0.9560 0.0601
vn -0.2190 0.9754 0.0253
vn -0.2873 0.9560 -0.0598
vn -0.2247 0.8807 0.4170
vn -0.3244 0.8799 0.3472
vn -0.2175 0.9483 0.2313
vn -0.1250 0.9159 0.3815
vn -0.1472 0.9648 0.2179
vn -0.0093 0.9649 0.2623
vn 0.1104 0.8578 0.5019
vn -0.0766 0.8911 0.4473
vn 0.0452 0.9486 0.3132
vn 0.2312 0.8530 0.4679
vn 0.1508 0.9468 0.2844
vn 0.3111 0.8833 0.3506
vn 0.3045 0.9262 0.2222
vn 0.1605 0.9653 0.2059
vn 0.2445 0.9656 0.0890
vn 0.5016 0.8632 0.0581
vn 0.4013 0.8962 0.1891
vn 0.3117 0.9487 0.0536
vn 0.4013 0.8962 -0.1891
vn 0.5016 0.8632 -0.0581
vn 0.3117 0.9487 -0.0536
vn 0.2445 0.9656 -0.0890
vn 0.1605 0.9653 -0.2059
vn 0.3045 0.9262 -0.2222
vn 0.3111 0.8833 -0.3506
vn 0.1508 0.9468 -0.2844
vn 0.2312 0.8530 -0.4679
vn -0.4398 0.8953 0.0704
vn -0.2813 0.9499 0.1359
vn -0.4040 0.8893 0.2142
vn -0.2511 0.9653 0.0719
vn -0.3919 0.9200 -0.0000
vn -0.2511 0.9653 -0.0719
vn -0.0630 0.9980 -0.0000
vn -0.1820 0.9807 0.0713
vn -0.1820 0.9807 -0.0713
vn 0.1104 0.8578 -0.5019
vn 0.0452 0.9486 -0.3132
vn -0.0766 0.8911 -0.4473
vn -0.0093 0.9649 -0.2623
vn -0.1472 0.9648 -0.2179
vn -0.1250 0.9159 -0.3815
vn -0.2175 0.9483 -0.2313
vn -0.3244 0.8799 -0.3472
vn -0.2247 0.8807 -0.4170
vn -0.0206 0.9982 -0.0559
vn -0.1210 0.9827 -0.1401
vn 0.0037 0.9856 -0.1689
vn -0.4435 0.8705 -0.2132
vn -0.2917 0.9479 -0.1281
vn -0.4652 0.8828 -0.0652
vn 0.1879 0.9812 -0.0448
vn 0.0522 0.9981 -0.0331
vn 0.1082 0.9854 -0.1318
vn -0.8970 0.3763 -0.2320
vn -0.6450 0.7180 -0.2616
vn -0.6607 0.7465 -0.0790
vn 0.8799 0.3736 -0.2936
vn 0.6846 0.7220 -0.1005
vn 0.6068 0.7437 -0.2806
vn 0.5711 0.3596 0.7379
vn 0.3126 0.7241 0.6148
vn 0.4800 0.7491 0.4565
vn -0.5253 0.3596 0.7712
vn -0.4882 0.7241 0.4873
vn -0.2859 0.7491 0.5975
vn -0.7112 0.6261 -0.3197
vn -0.9021 0.2015 -0.3816
vn -0.8817 0.2508 -0.3997
vn -0.7556 0.5424 -0.3673
vn 0.9817 0.1275 -0.1414
vn 0.9810 0.1111 0.1588
vn 0.7886 0.6149 0.0026
vn 0.4526 0.1062 0.8854
vn 0.1543 0.1062 0.9823
vn 0.2440 0.6138 0.7508
vn -0.8865 0.1062 0.4503
vn -0.6387 0.6138 0.4640
vn -0.7022 0.1062 0.7040
vn 0.9584 -0.2541 -0.1301
vn 0.8971 -0.3758 -0.2324
vn -0.4469 -0.0696 0.8919
vn -0.1626 -0.0696 0.9842
vn -0.1563 0.2318 0.9601
vn -0.4379 0.2318 0.8686
vn -0.2279 0.6754 0.7014
vn -0.0283 0.3596 0.9327
vn -0.1200 0.7491 0.6515
vn 0.1085 0.7241 0.6811
vn 0.7101 -0.0697 0.7007
vn 0.8858 -0.0696 0.4588
vn 0.8649 0.2318 0.4453
vn 0.6908 0.2318 0.6849
vn 0.5966 0.6754 0.4335
vn 0.8783 0.3596 0.3151
vn 0.5825 0.7491 0.3154
vn 0.6813 0.7241 0.1073
vn 0.9022 -0.1988 -0.3828
vn 0.8857 -0.3111 -0.3446
vn 0.8711 0.3201 -0.3725
vn 0.6615 0.6967 -0.2776
vn 0.7321 0.6042 -0.3144
vn 0.8565 0.3659 -0.3640
vn 0.6377 0.7071 -0.3055
vn 0.4857 0.8450 -0.2239
vn 0.3787 0.8738 -0.3050
vn -0.5188 0.8105 -0.2720
vn -0.6352 0.6887 -0.3496
vn -0.4203 0.8662 -0.2703
vn -0.9887 -0.0748 -0.1303
vn -0.9854 -0.0772 0.1520
vn -0.9590 0.2504 -0.1331
vn -0.7368 0.6761 0.0023
vn -0.9601 0.2360 0.1500
vn -0.8958 0.3596 0.2613
vn -0.6566 0.7491 0.0872
vn -0.6143 0.7241 0.3137
vn -0.2130 0.8802 0.4242
vn -0.3966 0.8454 0.3578
vn -0.2224 0.9474 0.2300
vn -0.1277 0.9106 0.3931
vn -0.1478 0.9644 0.2191
vn -0.0092 0.9644 0.2641
vn 0.1105 0.8454 0.5225
vn -0.0771 0.8802 0.4683
vn 0.0448 0.9474 0.3168
vn 0.2177 0.8454 0.4877
vn 0.1500 0.9474 0.2826
vn 0.3376 0.8802 0.3336
vn 0.3344 0.9106 0.2430
vn 0.1627 0.9644 0.2083
vn 0.2484 0.9644 0.0904
vn 0.5311 0.8454 0.0563
vn 0.4216 0.8802 0.2180
vn 0.3151 0.9474 0.0553
vn 0.4216 0.8899 -0.1742
vn 0.5289 0.8472 -0.0502
vn 0.3167 0.9472 -0.0504
vn 0.2485 0.9649 -0.0854
vn 0.1803 0.9665 -0.1824
vn 0.3160 0.9261 -0.2062
vn 0.2964 0.9364 -0.1877
vn 0.1965 0.9650 -0.1739
vn 0.2015 0.9231 -0.3276
vn 0.2296 0.9668 -0.1125
vn 0.2794 0.9313 -0.2338
vn -0.4692 0.8802 0.0714
vn -0.2874 0.9474 0.1405
vn -0.4628 0.8454 0.2666
vn -0.2550 0.9641 0.0739
vn -0.4138 0.9104 0.0013
vn -0.2583 0.9638 -0.0664
vn -0.0626 0.9980 0.0013
vn -0.1810 0.9808 0.0722
vn -0.1779 0.9820 -0.0641
vn 0.0674 0.9848 -0.1598
vn -0.0169 0.9768 -0.2135
vn 0.1249 0.9326 -0.3386
vn -0.0201 0.9870 -0.1593
vn -0.1283 0.9755 -0.1786
vn -0.1198 0.9704 -0.2098
vn -0.0618 0.9793 -0.1927
vn -0.1983 0.9525 -0.2311
vn -0.2399 0.9497 -0.2011
vn -0.3665 0.8994 -0.2382
vn -0.3547 0.9160 -0.1875
vn -0.2457 0.9670 -0.0678
vn -0.4628 0.8454 -0.2666
vn -0.2874 0.9474 -0.1405
vn -0.4692 0.8802 -0.0714
vn 0.1082 0.9854 0.1318
vn 0.0522 0.9981 0.0331
vn 0.1879 0.9812 0.0448
vn 0.0037 0.9856 0.1689
vn -0.1210 0.9827 0.1401
vn -0.0206 0.9982 0.0559
vn -0.8958 0.3596 -0.2613
vn -0.6143 0.7241 -0.3137
vn -0.6566 0.7491 -0.0872
vn -0.0283 0.3596 -0.9327
vn 0.1085 0.7241 -0.6811
vn -0.1200 0.7491 -0.6514
vn 0.8783 0.3596 -0.3151
vn 0.6813 0.7241 -0.1073
vn 0.5825 0.7491 -0.3154
vn 0.6377 0.7071 0.3055
vn 0.3787 0.8738 0.3050
vn 0.4857 0.8450 0.2239
vn -0.5188 0.8105 0.2720
vn -0.4203 0.8662 0.2703
vn -0.6352 0.6887 0.3496
vn -0.7022 0.1062 -0.7040
vn -0.6387 0.6138 -0.4640
vn -0.8865 0.1062 -0.4503
vn 0.4526 0.1062 -0.8854
vn 0.2440 0.6138 -0.7508
vn 0.1543 0.1062 -0.9823
vn 0.9810 0.1111 -0.1588
vn 0.9817 0.1275 0.1414
vn 0.7886 0.6149 -0.0026
vn -0.7556 0.5424 0.3673
vn -0.8826 0.2468 0.4001
vn -0.9021 0.2015 0.3816
vn -0.7112 0.6261 0.3197
vn 0.8971 -0.3758 0.2324
vn 0.9584 -0.2541 0.1301
vn 0.9104 -0.2138 0.3542
vn 0.9022 -0.1987 0.3828
vn 0.8711 0.3201 0.3725
vn 0.8565 0.3659 0.3640
vn 0.7321 0.6042 0.3144
vn 0.6615 0.6967 0.2776
vn 0.8799 0.3736 0.2936
vn 0.6068 0.7437 0.2806
vn 0.6846 0.7220 0.1005
vn 0.8858 -0.0696 -0.4588
vn 0.7101 -0.0699 -0.7007
vn 0.6908 0.2318 -0.6849
vn 0.8649 0.2318 -0.4453
vn 0.5966 0.6754 -0.4335
vn 0.5711 0.3596 -0.7379
vn 0.4800 0.7491 -0.4565
vn 0.3126 0.7241 -0.6148
vn -0.1626 -0.0699 -0.9842
vn -0.4469 -0.0696 -0.8919
vn -0.1563 0.2318 -0.9601
vn -0.2279 0.6754 -0.7014
vn -0.4379 0.2318 -0.8686
vn -0.5253 0.3596 -0.7712
vn -0.2859 0.7491 -0.5975
vn -0.4882 0.7241 -0.4873
vn -0.9854 -0.0772 -0.1520
vn -0.9887 -0.0748 0.1303
vn -0.9601 0.2360 -0.1500
vn -0.7368 0.6761 -0.0023
vn -0.9590 0.2504 0.1331
vn -0.8970 0.3763 0.2320
vn -0.6607 0.7465 0.0790
vn -0.6450 0.7180 0.2616
vn -0.3547 0.9160 0.1875
vn -0.3665 0.8994 0.2382
vn -0.2399 0.9497 0.2011
vn -0.1983 0.9525 0.2311
vn -0.2457 0.9670 0.0678
vn -0.1283 0.9755 0.1786
vn -0.0201 0.9870 0.1593
vn -0.0618 0.9793 0.1927
vn -0.1198 0.9704 0.2098
vn 0.0674 0.9848 0.1598
vn 0.1249 0.9326 0.3386
vn -0.0169 0.9768 0.2135
vn 0.1965 0.9650 0.1739
vn 0.2964 0.9364 0.1877
vn 0.2794 0.9313 0.2338
vn 0.2296 0.9668 0.1125
vn 0.2015 0.9231 0.3276
vn 0.3160 0.9261 0.2062
vn 0.1803 0.9665 0.1824
vn 0.2485 0.9649 0.0854
vn 0.5289 0.8472 0.0502
vn 0.4216 0.8899 0.1742
vn 0.3167 0.9472 0.0504
vn 0.4216 0.8802 -0.2180
vn 0.5311 0.8454 -0.0563
vn 0.3151 0.9474 -0.0553
vn 0.2484 0.9644 -0.0904
vn 0.1627 0.9644 -0.2083
vn 0.3344 0.9106 -0.2430
vn 0.3376 0.8802 -0.3336
vn 0.1500 0.9474 -0.2826
vn 0.2177 0.8454 -0.4877
vn -0.4652 0.8828 0.0652
vn -0.2917 0.9479 0.1281
vn -0.4435 0.8705 0.2132
vn -0.2583 0.9638 0.0664
vn -0.4138 0.9104 -0.0013
vn -0.2550 0.9641 -0.0739
vn -0.0626 0.9980 -0.0013
vn -0.1779 0.9820 0.0641
vn -0.1810 0.9808 -0.0722
vn 0.1105 0.8454 -0.5225
vn 0.0448 0.9474 -0.3168
vn -0.0771 0.8802 -0.4683
vn -0.0092 0.9644 -0.2641
vn -0.1478 0.9644 -0.2191
vn -0.1277 0.9106 -0.3931
vn -0.2224 0.9474 -0.2300
vn -0.3966 0.8454 -0.3578
vn -0.2130 0.8802 -0.4242
vn 0.1747 0.9807 -0.0875
vn 0.0422 0.9980 -0.0468
vn 0.0688 0.9807 -0.1829
vn -0.0005 0.8454 -0.5341
vn -0.0221 0.9474 -0.3192
vn -0.1727 0.8802 -0.4421
vn 0.1373 0.9807 0.1391
vn 0.0576 0.9980 0.0256
vn 0.1952 0.9807 0.0089
vn 0.0553 0.9812 0.1851
vn -0.0587 0.9855 0.1591
vn -0.0025 0.9981 0.0617
vn -0.1434 0.9858 0.0876
vn -0.1849 0.9822 -0.0340
vn -0.0589 0.9982 0.0101
vn -0.2216 0.3596 -0.9064
vn -0.0355 0.7241 -0.6888
vn -0.2528 0.7491 -0.6123
vn 0.7936 0.3596 -0.4909
vn 0.6441 0.7241 -0.2466
vn 0.5042 0.7491 -0.4296
vn 0.7121 0.3596 0.6030
vn 0.4336 0.7241 0.5364
vn 0.5644 0.7491 0.3468
vn 0.4689 0.8787 0.0895
vn 0.0940 0.9493 0.3000
vn 0.0599 0.8795 0.4720
vn 0.4706 0.8319 0.2942
vn -0.5021 0.7284 -0.4662
vn -0.4677 0.8086 -0.3570
vn -0.3238 0.8851 -0.3343
vn 0.2586 0.1062 -0.9601
vn 0.0825 0.6138 -0.7852
vn -0.0533 0.1062 -0.9929
vn 0.9278 0.1062 -0.3575
vn 0.9930 0.1062 -0.0508
vn 0.7722 0.6138 -0.1641
vn 0.6281 0.1113 0.7701
vn 0.3690 0.1283 0.9205
vn 0.3967 0.6149 0.6816
vn -0.7016 0.2836 -0.6537
vn -0.7434 0.2579 -0.6171
vn -0.6222 0.6190 -0.4793
vn -0.6077 0.5864 -0.5356
vn -0.7677 0.3629 -0.5281
vn -0.6847 -0.3876 -0.6172
vn -0.6971 -0.4078 -0.5898
vn 0.2515 -0.3724 0.8933
vn 0.3673 -0.2549 0.8945
vn 0.5234 -0.3497 0.7770
vn 0.1531 -0.2391 0.9588
vn 0.1597 0.3450 0.9249
vn 0.5651 0.3644 0.7402
vn 0.4555 0.7545 0.4726
vn 0.1379 0.7236 0.6763
vn 0.1873 0.3740 0.9083
vn 0.0629 0.7449 0.6643
vn 0.2558 0.7221 0.6428
vn 0.8402 -0.0697 0.5377
vn 0.9618 -0.0697 0.2646
vn 0.9385 0.2318 0.2558
vn 0.8181 0.2318 0.5263
vn 0.6737 0.6754 0.3000
vn 0.9246 0.3596 0.1256
vn 0.6353 0.7491 0.1874
vn 0.6887 0.7241 -0.0367
vn 0.7710 -0.0697 -0.6330
vn 0.5489 -0.0697 -0.8330
vn 0.7534 0.2318 -0.6154
vn 0.4935 0.6754 -0.5480
vn 0.5333 0.2318 -0.8136
vn 0.4052 0.3596 -0.8405
vn 0.3746 0.7491 -0.5463
vn 0.1779 0.7241 -0.6664
vn -0.3599 -0.0803 -0.9295
vn -0.5981 -0.0773 -0.7977
vn -0.3491 0.2377 -0.9064
vn -0.3654 0.6765 -0.6394
vn -0.5861 0.2613 -0.7669
vn -0.6380 0.3907 -0.6636
vn -0.3980 0.7463 -0.5336
vn -0.5455 0.7141 -0.4387
vn -0.2611 0.9238 -0.2801
vn -0.3719 0.9012 -0.2224
vn -0.2897 0.9510 -0.1078
vn -0.2299 0.9656 -0.1214
vn -0.1791 0.9601 -0.2148
vn -0.1575 0.9860 -0.0540
vn -0.2260 0.9740 -0.0181
vn -0.1438 0.9877 0.0607
vn -0.2383 0.9684 0.0740
vn -0.0323 0.9994 -0.0127
vn -0.0682 0.9719 0.2254
vn -0.2358 0.9611 0.1440
vn -0.0903 0.9836 0.1559
vn -0.0426 0.9665 0.2533
vn -0.0068 0.9376 0.3475
vn -0.0100 0.9468 0.3217
vn -0.0187 0.9658 0.2585
vn -0.0200 0.9268 0.3751
vn -0.0662 0.9663 0.2486
vn 0.0504 0.9649 0.2578
vn 0.2212 0.8473 0.4829
vn 0.0616 0.8903 0.4511
vn 0.1149 0.9472 0.2994
vn 0.3144 0.8454 0.4318
vn 0.2055 0.9474 0.2453
vn 0.3996 0.8802 0.2561
vn 0.3776 0.9106 0.1681
vn 0.2024 0.9644 0.1699
vn 0.2617 0.9644 0.0368
vn 0.5312 0.8454 -0.0553
vn 0.4577 0.8802 0.1256
vn 0.3197 0.9474 -0.0114
vn -0.2548 0.9486 -0.1876
vn -0.4011 0.8712 -0.2832
vn -0.2878 0.8830 -0.3708
vn -0.0635 0.9641 -0.2577
vn -0.1874 0.9639 -0.1890
vn -0.2057 0.9104 -0.3590
vn -0.0304 0.9980 -0.0549
vn -0.1462 0.9817 -0.1219
vn -0.0281 0.9808 -0.1929
vn 0.5078 0.8454 -0.1655
vn 0.2967 0.9474 -0.1196
vn 0.3671 0.8802 -0.3009
vn 0.2241 0.9644 -0.1400
vn 0.1158 0.9644 -0.2375
vn 0.2766 0.9106 -0.3072
vn 0.1115 0.8454 -0.5223
vn 0.2609 0.8802 -0.3965
vn 0.0879 0.9474 -0.3076
vn 0.1404 0.9869 -0.0798
vn 0.0370 0.9983 -0.0458
vn 0.0590 0.9825 -0.1766
vn -0.0495 0.8697 -0.4911
vn -0.0350 0.9483 -0.3155
vn -0.1780 0.8828 -0.4347
vn 0.1317 0.9813 0.1407
vn 0.0541 0.9981 0.0294
vn 0.1606 0.9865 0.0331
vn 0.0519 0.9807 0.1884
vn -0.0899 0.9807 0.1735
vn -0.0066 0.9980 0.0627
vn -0.1632 0.9807 0.1076
vn -0.1928 0.9807 -0.0319
vn -0.0616 0.9980 0.0131
vn -0.2510 0.3759 -0.8920
vn -0.1106 0.7126 -0.6928
vn -0.2639 0.7452 -0.6124
vn 0.6852 0.3850 0.6182
vn 0.4287 0.7227 0.5421
vn 0.5492 0.7423 0.3838
vn -0.3535 0.3596 0.8636
vn -0.3762 0.7241 0.5781
vn -0.1554 0.7491 0.6439
vn -0.9305 0.3596 -0.0693
vn -0.6661 0.7241 -0.1791
vn -0.6604 0.7491 0.0512
vn -0.1308 0.6457 -0.7523
vn -0.1679 0.2291 -0.9588
vn -0.5620 0.3122 -0.7660
vn -0.4430 0.7576 -0.4794
vn 0.6055 0.1393 0.7836
vn 0.3521 0.1131 0.9291
vn 0.3911 0.6153 0.6844
vn -0.5405 0.1062 0.8346
vn -0.7736 0.1062 0.6248
vn -0.5283 0.6138 0.5867
vn -0.8332 0.1062 -0.5426
vn -0.7212 0.6138 -0.3211
vn -0.9608 0.1062 -0.2561
vn -0.9958 -0.0697 0.0589
vn -0.9337 -0.0697 0.3513
vn -0.9712 0.2318 0.0550
vn -0.7213 0.6754 0.1533
vn -0.9096 0.2318 0.3447
vn -0.8219 0.3596 0.4418
vn -0.6242 0.7491 0.2218
vn -0.5356 0.7241 0.4345
vn -0.2517 -0.0697 0.9653
vn 0.0455 -0.0697 0.9965
vn 0.0468 0.2318 0.9716
vn -0.2478 0.2318 0.9407
vn -0.0771 0.6754 0.7334
vn 0.1662 0.3596 0.9182
vn 0.0181 0.7491 0.6622
vn 0.2478 0.7241 0.6437
vn 0.7428 -0.2593 0.6172
vn 0.7154 -0.2830 0.6389
vn 0.6820 0.4134 0.6033
vn 0.7217 0.3655 0.5878
vn 0.5704 0.6936 0.4399
vn 0.6085 0.6207 0.4944
vn 0.7359 0.4672 0.4900
vn 0.5257 0.7431 0.4140
vn 0.4168 0.8537 0.3123
vn 0.3284 0.9119 0.2464
vn -0.5305 0.7536 -0.3882
vn -0.5481 0.7623 -0.3441
vn -0.1224 0.7926 -0.5973
vn -0.3823 -0.0750 -0.9210
vn -0.6244 -0.0774 -0.7772
vn -0.3647 0.2511 -0.8966
vn -0.3705 0.6762 -0.6368
vn -0.6100 0.2361 -0.7564
vn -0.6742 0.3596 -0.6451
vn -0.4039 0.7491 -0.5251
vn -0.5788 0.7241 -0.3751
vn -0.5081 0.8454 -0.1646
vn -0.3104 0.9474 -0.0777
vn -0.4738 0.8802 0.0277
vn -0.2333 0.9644 0.1241
vn -0.4043 0.9106 0.0859
vn -0.2636 0.9644 -0.0185
vn -0.3973 0.8454 0.3570
vn -0.4441 0.8802 0.1674
vn -0.2520 0.9474 0.1972
vn -0.1201 0.8802 0.4592
vn -0.3135 0.8454 0.4324
vn -0.1698 0.9474 0.2712
vn -0.0432 0.9106 0.4111
vn -0.0990 0.9644 0.2450
vn 0.0459 0.9644 0.2603
vn 0.2168 0.8454 0.4881
vn 0.0220 0.8802 0.4741
vn 0.1097 0.9474 0.3006
vn 0.3080 0.8472 0.4330
vn 0.2019 0.9472 0.2492
vn 0.3627 0.8896 0.2776
vn 0.3374 0.9255 0.1722
vn 0.1981 0.9647 0.1736
vn 0.2448 0.9668 0.0728
vn 0.2310 0.9500 0.2100
vn 0.2971 0.9382 0.1773
vn 0.2113 0.9698 0.1222
vn 0.1464 0.9692 0.1980
vn 0.1607 0.9610 0.2252
vn -0.2654 0.9474 -0.1787
vn -0.4623 0.8454 -0.2675
vn -0.2965 0.8802 -0.3706
vn -0.0706 0.9639 -0.2569
vn -0.1914 0.9641 -0.1839
vn -0.2082 0.9104 -0.3576
vn -0.0324 0.9980 -0.0537
vn -0.1530 0.9808 -0.1208
vn -0.0326 0.9817 -0.1877
vn 0.0128 0.9879 0.1544
vn 0.1063 0.9942 0.0162
vn 0.0226 0.9978 -0.0631
vn -0.0592 0.9981 0.0158
vn 0.0889 0.9733 -0.2116
vn 0.0551 0.9771 -0.2054
vn 0.0634 0.9902 -0.1244
vn 0.0983 0.9914 -0.0868
vn -0.2553 0.9530 -0.1631
vn -0.0070 0.9687 -0.2480
vn 0.0504 0.9509 -0.3054
vn -0.0340 0.8977 -0.4392
vn -0.4568 0.8419 -0.2871
vn -0.0616 0.9980 -0.0131
vn -0.1928 0.9807 0.0319
vn -0.1632 0.9807 -0.1076
vn -0.2965 0.8802 0.3706
vn -0.4623 0.8454 0.2675
vn -0.2654 0.9474 0.1787
vn -0.0066 0.9980 -0.0627
vn -0.0899 0.9807 -0.1735
vn 0.0519 0.9807 -0.1884
vn 0.1606 0.9865 -0.0331
vn 0.0541 0.9981 -0.0294
vn 0.1317 0.9813 -0.1407
vn 0.0590 0.9825 0.1766
vn 0.0370 0.9983 0.0458
vn 0.1404 0.9869 0.0798
vn -0.6742 0.3596 0.6451
vn -0.5788 0.7241 0.3751
vn -0.4039 0.7491 0.5251
vn -0.8219 0.3596 -0.4418
vn -0.5356 0.7241 -0.4345
vn -0.6242 0.7491 -0.2218
vn 0.1662 0.3596 -0.9182
vn 0.2478 0.7241 -0.6437
vn 0.0181 0.7491 -0.6622
vn 0.5257 0.7431 -0.4140
vn 0.3284 0.9119 -0.2464
vn 0.4168 0.8537 -0.3123
vn -0.5305 0.7536 0.3882
vn -0.1224 0.7926 0.5973
vn -0.5481 0.7623 0.3441
vn -0.9608 0.1062 0.2561
vn -0.7212 0.6138 0.3211
vn -0.8332 0.1062 0.5426
vn -0.5405 0.1062 -0.8346
vn -0.5283 0.6138 -0.5867
vn -0.7736 0.1062 -0.6248
vn 0.6055 0.1393 -0.7836
vn 0.3911 0.6153 -0.6844
vn 0.3521 0.1131 -0.9291
vn -0.1678 0.2307 0.9584
vn -0.1308 0.6457 0.7523
vn -0.4430 0.7576 0.4794
vn -0.5614 0.3153 0.7651
vn 0.7428 -0.2593 -0.6172
vn 0.7153 -0.2830 -0.6389
vn 0.5704 0.6936 -0.4399
vn 0.7217 0.3655 -0.5878
vn 0.6820 0.4134 -0.6033
vn 0.7359 0.4672 -0.4900
vn 0.6085 0.6207 -0.4944
vn 0.6852 0.3850 -0.6182
vn 0.5492 0.7423 -0.3838
vn 0.4287 0.7227 -0.5421
vn 0.0455 -0.0696 -0.9965
vn -0.2517 -0.0696 -0.9653
vn 0.0468 0.2318 -0.9716
vn -0.0771 0.6754 -0.7334
vn -0.2478 0.2318 -0.9407
vn -0.3535 0.3596 -0.8636
vn -0.1554 0.7491 -0.6439
vn -0.3762 0.7241 -0.5781
vn -0.9337 -0.0697 -0.3513
vn -0.9958 -0.0697 -0.0589
vn -0.9096 0.2318 -0.3447
vn -0.7213 0.6754 -0.1533
vn -0.9712 0.2318 -0.0550
vn -0.9305 0.3596 0.0693
vn -0.6604 0.7491 -0.0512
vn -0.6661 0.7241 0.1791
vn -0.6244 -0.0775 0.7772
vn -0.3823 -0.0750 0.9210
vn -0.3647 0.2511 0.8966
vn -0.6100 0.2361 0.7564
vn -0.3705 0.6762 0.6368
vn -0.2510 0.3759 0.8920
vn -0.2639 0.7452 0.6124
vn -0.1106 0.7126 0.6928
vn -0.0340 0.8977 0.4392
vn 0.0504 0.9509 0.3054
vn -0.0070 0.9687 0.2480
vn -0.2553 0.9530 0.1631
vn -0.4568 0.8420 0.2871
vn 0.0889 0.9733 0.2116
vn 0.0983 0.9914 0.0868
vn 0.0634 0.9902 0.1244
vn 0.0551 0.9771 0.2054
vn -0.0592 0.9981 -0.0158
vn 0.0226 0.9978 0.0631
vn 0.1063 0.9942 -0.0162
vn 0.0128 0.9879 -0.1544
vn 0.2113 0.9698 -0.1222
vn 0.2971 0.9382 -0.1773
vn 0.2311 0.9500 -0.2100
vn 0.1607 0.9610 -0.2252
vn 0.1464 0.9692 -0.1980
vn 0.2448 0.9668 -0.0728
vn 0.1981 0.9647 -0.1736
vn 0.3374 0.9255 -0.1722
vn 0.3627 0.8896 -0.2776
vn 0.2019 0.9472 -0.2492
vn 0.3080 0.8472 -0.4330
vn 0.2168 0.8454 -0.4881
vn 0.1097 0.9474 -0.3006
vn 0.0220 0.8802 -0.4741
vn 0.0459 0.9644 -0.2603
vn -0.0990 0.9644 -0.2450
vn -0.0432 0.9106 -0.4111
vn -0.1201 0.8802 -0.4592
vn -0.1698 0.9474 -0.2712
vn -0.3135 0.8454 -0.4324
vn -0.0495 0.8697 0.4911
vn -0.1780 0.8828 0.4347
vn -0.0350 0.9483 0.3155
vn -0.2082 0.9104 0.3576
vn -0.1914 0.9641 0.1839
vn -0.0706 0.9639 0.2569
vn -0.0326 0.9817 0.1877
vn -0.1530 0.9808 0.1208
vn -0.0324 0.9980 0.0537
vn -0.2520 0.9474 -0.1972
vn -0.4441 0.8802 -0.1674
vn -0.3973 0.8454 -0.3570
vn -0.2636 0.9644 0.0185
vn -0.4043 0.9106 -0.0859
vn -0.2333 0.9644 -0.1241
vn -0.4738 0.8802 -0.0277
vn -0.3104 0.9474 0.0777
vn -0.5081 0.8454 0.1646
vn -0.0589 0.9982 -0.0101
vn -0.1849 0.9822 0.0340
vn -0.1434 0.9858 -0.0876
vn -0.2878 0.8830 0.3708
vn -0.4011 0.8712 0.2832
vn -0.2548 0.9486 0.1876
vn -0.0025 0.9981 -0.0617
vn -0.0587 0.9855 -0.1591
vn 0.0553 0.9812 -0.1851
vn 0.1952 0.9807 -0.0089
vn 0.0576 0.9980 -0.0256
vn 0.1373 0.9807 -0.1391
vn 0.0688 0.9807 0.1829
vn 0.0422 0.9980 0.0468
vn 0.1747 0.9807 0.0875
vn -0.6380 0.3907 0.6636
vn -0.5455 0.7141 0.4387
vn -0.3980 0.7463 0.5336
vn 0.1873 0.3740 -0.9083
vn 0.2558 0.7221 -0.6428
vn 0.0629 0.7448 -0.6643
vn 0.9246 0.3596 -0.1256
vn 0.6887 0.7241 0.0367
vn 0.6353 0.7491 -0.1874
vn 0.4052 0.3596 0.8405
vn 0.1779 0.7241 0.6664
vn 0.3746 0.7491 0.5463
vn -0.6077 0.5864 0.5356
vn -0.6222 0.6190 0.4793
vn -0.7434 0.2579 0.6171
vn -0.7016 0.2836 0.6537
vn -0.7677 0.3629 0.5281
vn 0.6281 0.1113 -0.7701
vn 0.3967 0.6149 -0.6816
vn 0.3690 0.1283 -0.9205
vn 0.9930 0.1062 0.0508
vn 0.9278 0.1062 0.3575
vn 0.7722 0.6138 0.1641
vn 0.2586 0.1062 0.9601
vn -0.0533 0.1062 0.9929
vn 0.0825 0.6138 0.7852
vn 0.3673 -0.2548 -0.8945
vn 0.2515 -0.3724 -0.8933
vn -0.6971 -0.4083 0.5894
vn -0.6854 -0.3866 0.6171
vn 0.5489 -0.0696 0.8330
vn 0.7710 -0.0696 0.6330
vn 0.7534 0.2318 0.6154
vn 0.5333 0.2318 0.8136
vn 0.4935 0.6754 0.5480
vn 0.7936 0.3596 0.4909
vn 0.5042 0.7491 0.4296
vn 0.6441 0.7241 0.2466
vn 0.9618 -0.0697 -0.2646
vn 0.8402 -0.0697 -0.5377
vn 0.8181 0.2318 -0.5263
vn 0.9385 0.2318 -0.2558
vn 0.6737 0.6754 -0.3000
vn 0.7121 0.3596 -0.6031
vn 0.5644 0.7491 -0.3468
vn 0.4336 0.7241 -0.5364
vn 0.1531 -0.2391 -0.9588
vn 0.5234 -0.3497 -0.7770
vn 0.4555 0.7545 -0.4726
vn 0.5651 0.3644 -0.7402
vn 0.1597 0.3450 -0.9249
vn 0.1379 0.7236 -0.6763
vn 0.4706 0.8319 -0.2942
vn 0.0599 0.8795 -0.4720
vn 0.0940 0.9493 -0.3000
vn 0.4689 0.8787 -0.0895
vn -0.5021 0.7283 0.4662
vn -0.3238 0.8851 0.3343
vn -0.4677 0.8086 0.3570
vn -0.5981 -0.0773 0.7977
vn -0.3599 -0.0803 0.9295
vn -0.3491 0.2377 0.9064
vn -0.5861 0.2613 0.7669
vn -0.3654 0.6765 0.6394
vn -0.2216 0.3596 0.9064
vn -0.2528 0.7491 0.6123
vn -0.0355 0.7241 0.6888
vn 0.1115 0.8454 0.5223
vn 0.0879 0.9474 0.3076
vn 0.2609 0.8802 0.3965
vn 0.2766 0.9106 0.3072
vn 0.1158 0.9644 0.2375
vn 0.2241 0.9644 0.1400
vn 0.5078 0.8454 0.1655
vn 0.3671 0.8802 0.3009
vn 0.2967 0.9474 0.1196
vn 0.4577 0.8802 -0.1256
vn 0.5312 0.8454 0.0553
vn 0.3197 0.9474 0.0114
vn 0.2617 0.9644 -0.0368
vn 0.2024 0.9644 -0.1699
vn 0.3776 0.9106 -0.1681
vn 0.3996 0.8802 -0.2561
vn 0.2055 0.9474 -0.2453
vn 0.3144 0.8454 -0.4318
vn 0.2212 0.8473 -0.4829
vn 0.1149 0.9472 -0.2994
vn 0.0616 0.8903 -0.4511
vn 0.0504 0.9649 -0.2578
vn -0.0662 0.9663 -0.2486
vn -0.0200 0.9268 -0.3751
vn -0.0100 0.9468 -0.3217
vn -0.0068 0.9376 -0.3475
vn -0.0426 0.9665 -0.2533
vn -0.0187 0.9658 -0.2585
vn -0.0005 0.8454 0.5341
vn -0.1727 0.8802 0.4421
vn -0.0221 0.9474 0.3192
vn -0.2057 0.9104 0.3590
vn -0.1874 0.9639 0.1890
vn -0.0635 0.9641 0.2577
vn -0.0281 0.9808 0.1929
vn -0.1462 0.9817 0.1219
vn -0.0304 0.9980 0.0549
vn -0.0903 0.9836 -0.1559
vn -0.2358 0.9611 -0.1440
vn -0.0682 0.9719 -0.2254
vn -0.1438 0.9877 -0.0607
vn -0.2260 0.9740 0.0181
vn -0.1575 0.9860 0.0540
vn -0.0323 0.9994 0.0127
vn -0.2383 0.9684 -0.0740
vn -0.1791 0.9601 0.2148
vn -0.2299 0.9656 0.1214
vn -0.2897 0.9510 0.1078
vn -0.3719 0.9012 0.2224
vn -0.2611 0.9238 0.2801
vt 1.000000 0.500000
vt 1.000000 1.000000
vt 0.968750 1.000000
vt 0.968750 0.500000
vt 0.937500 1.000000
vt 0.937500 0.500000
vt 0.906250 1.000000
vt 0.906250 0.500000
vt 0.875000 1.000000
vt 0.875000 0.500000
vt 0.843750 1.000000
vt 0.843750 0.500000
vt 0.812500 1.000000
vt 0.812500 0.500000
vt 0.781250 1.000000
vt 0.781250 0.500000
vt 0.750000 1.000000
vt 0.750000 0.500000
vt 0.718750 1.000000
vt 0.718750 0.500000
vt 0.687500 1.000000
vt 0.687500 0.500000
vt 0.656250 1.000000
vt 0.656250 0.500000
vt 0.625000 1.000000
vt 0.625000 0.500000
vt 0.593750 1.000000
vt 0.593750 0.500000
vt 0.562500 1.000000
vt 0.562500 0.500000
vt 0.531250 1.000000
vt 0.531250 0.500000
vt 0.500000 1.000000
vt 0.500000 0.500000
vt 0.468750 1.000000
vt 0.468750 0.500000
vt 0.437500 1.000000
vt 0.437500 0.500000
vt 0.406250 1.000000
vt 0.406250 0.500000
vt 0.375000 1.000000
vt 0.375000 0.500000
vt 0.343750 1.000000
vt 0.343750 0.500000
vt 0.312500 1.000000
vt 0.312500 0.500000
vt 0.281250 1.000000
vt 0.281250 0.500000
vt 0.250000 1.000000
vt 0.250000 0.500000
vt 0.218750 1.000000
vt 0.218750 0.500000
vt 0.187500 1.000000
vt 0.187500 0.500000
vt 0.156250 1.000000
vt 0.156250 0.500000
vt 0.125000 1.000000
vt 0.125000 0.500000
vt 0.093750 1.000000
vt 0.093750 0.500000
vt 0.062500 1.000000
vt 0.062500 0.500000
vt 0.281312 0.427498
vt 0.281313 0.427498
vt 0.281313 0.427498
vt 0.281313 0.427498
vt 0.293007 0.415646
vt 0.300665 0.400862
vt 0.303196 0.384454
vt 0.301243 0.369634
vt 0.301109 0.368649
vt 0.301102 0.368620
vt 0.296255 0.357196
vt 0.294176 0.351836
vt 0.294115 0.351720
vt 0.294095 0.351684
vt 0.295738 0.349478
vt 0.296862 0.347761
vt 0.310751 0.342919
vt 0.310968 0.342801
vt 0.311201 0.342658
vt 0.311392 0.342689
vt 0.312249 0.342748
vt 0.317405 0.342912
vt 0.318494 0.343505
vt 0.318539 0.343539
vt 0.318561 0.343560
vt 0.320477 0.345706
vt 0.327042 0.353607
vt 0.327279 0.353886
vt 0.327285 0.353894
vt 0.327294 0.353903
vt 0.327306 0.353913
vt 0.339851 0.363319
vt 0.355318 0.369308
vt 0.355318 0.369308
vt 0.355318 0.369308
vt 0.355318 0.369308
vt 0.355319 0.369308
vt 0.371950 0.370068
vt 0.388061 0.365867
vt 0.388062 0.365867
vt 0.388061 0.365867
vt 0.388062 0.365866
vt 0.388062 0.365866
vt 0.401964 0.356705
vt 0.404703 0.353369
vt 0.449553 0.383337
vt 0.419706 0.419706
vt 0.383337 0.449553
vt 0.341844 0.471731
vt 0.296822 0.485388
vt 0.250000 0.490000
vt 0.203178 0.485388
vt 0.158156 0.471731
vt 0.116663 0.449553
vt 0.080294 0.419706
vt 0.050447 0.383337
vt 0.028269 0.341844
vt 0.014612 0.296822
vt 0.010000 0.250000
vt 0.014612 0.203178
vt 0.028269 0.158156
vt 0.050447 0.116663
vt 0.095297 0.146631
vt 0.087472 0.156163
vt 0.087471 0.156164
vt 0.087471 0.156164
vt 0.087471 0.156164
vt 0.087471 0.156164
vt 0.081608 0.171748
vt 0.080626 0.188368
vt 0.080626 0.188369
vt 0.080626 0.188369
vt 0.080626 0.188369
vt 0.085043 0.204422
vt 0.094017 0.218445
vt 0.094017 0.218446
vt 0.094017 0.218446
vt 0.094017 0.218446
vt 0.094017 0.218446
vt 0.106958 0.228842
vt 0.120403 0.234423
vt 0.121643 0.234932
vt 0.121682 0.234943
vt 0.133533 0.236822
vt 0.133821 0.236881
vt 0.139501 0.240704
vt 0.139603 0.240785
vt 0.139634 0.240903
vt 0.140631 0.245029
vt 0.141891 0.250000
vt 0.140631 0.254971
vt 0.139634 0.259097
vt 0.139603 0.259215
vt 0.139501 0.259296
vt 0.133821 0.263119
vt 0.133533 0.263178
vt 0.121682 0.265057
vt 0.121643 0.265068
vt 0.120403 0.265577
vt 0.106958 0.271158
vt 0.094017 0.281554
vt 0.094017 0.281554
vt 0.094017 0.281554
vt 0.094017 0.281554
vt 0.094017 0.281555
vt 0.085043 0.295578
vt 0.080626 0.311631
vt 0.080626 0.311632
vt 0.080626 0.311632
vt 0.080626 0.311632
vt 0.081608 0.328252
vt 0.087471 0.343836
vt 0.087471 0.343836
vt 0.087471 0.343836
vt 0.087472 0.343837
vt 0.098036 0.356705
vt 0.111938 0.365866
vt 0.111938 0.365866
vt 0.111938 0.365866
vt 0.128050 0.370068
vt 0.144682 0.369308
vt 0.160149 0.363319
vt 0.172694 0.353913
vt 0.172706 0.353903
vt 0.172715 0.353894
vt 0.172721 0.353886
vt 0.172957 0.353608
vt 0.179523 0.345706
vt 0.181439 0.343560
vt 0.181461 0.343539
vt 0.181506 0.343505
vt 0.182594 0.342912
vt 0.187751 0.342748
vt 0.188608 0.342689
vt 0.188799 0.342658
vt 0.189032 0.342801
vt 0.189249 0.342919
vt 0.203138 0.347761
vt 0.204262 0.349478
vt 0.205905 0.351684
vt 0.205885 0.351720
vt 0.203836 0.357030
vt 0.203745 0.357196
vt 0.198898 0.368620
vt 0.198891 0.368649
vt 0.198757 0.369633
vt 0.196804 0.384454
vt 0.199335 0.400862
vt 0.199335 0.400862
vt 0.199335 0.400862
vt 0.199335 0.400862
vt 0.199336 0.400863
vt 0.206993 0.415646
vt 0.218687 0.427498
vt 0.218687 0.427498
vt 0.218687 0.427498
vt 0.218687 0.427498
vt 0.218687 0.427498
vt 0.233573 0.434958
vt 0.250000 0.437672
vt 0.250000 0.437672
vt 0.250000 0.437672
vt 0.250000 0.437672
vt 0.250001 0.437672
vt 0.266427 0.434958
vt 0.281312 0.072502
vt 0.266427 0.065042
vt 0.250001 0.062328
vt 0.250000 0.062328
vt 0.250000 0.062328
vt 0.250000 0.062328
vt 0.250000 0.062328
vt 0.233573 0.065042
vt 0.218687 0.072502
vt 0.218687 0.072502
vt 0.218687 0.072502
vt 0.218687 0.072502
vt 0.218687 0.072502
vt 0.206993 0.084354
vt 0.199336 0.099137
vt 0.199335 0.099138
vt 0.199335 0.099138
vt 0.199335 0.099138
vt 0.199335 0.099138
vt 0.196804 0.115546
vt 0.198757 0.130367
vt 0.198891 0.131351
vt 0.198898 0.131380
vt 0.203745 0.142804
vt 0.205824 0.148164
vt 0.205885 0.148280
vt 0.205905 0.148316
vt 0.204262 0.150522
vt 0.203138 0.152239
vt 0.189249 0.157081
vt 0.189032 0.157199
vt 0.188799 0.157342
vt 0.188608 0.157312
vt 0.187751 0.157252
vt 0.182594 0.157088
vt 0.181506 0.156495
vt 0.181461 0.156461
vt 0.181439 0.156440
vt 0.179523 0.154294
vt 0.172957 0.146393
vt 0.172721 0.146114
vt 0.172715 0.146106
vt 0.172706 0.146097
vt 0.172694 0.146087
vt 0.160149 0.136681
vt 0.144682 0.130692
vt 0.128050 0.129932
vt 0.111939 0.134133
vt 0.111938 0.134133
vt 0.111938 0.134133
vt 0.111938 0.134133
vt 0.111938 0.134134
vt 0.098036 0.143295
vt 0.080294 0.080294
vt 0.116663 0.050447
vt 0.158156 0.028269
vt 0.203178 0.014612
vt 0.250000 0.010000
vt 0.296822 0.014612
vt 0.341844 0.028269
vt 0.383337 0.050447
vt 0.419706 0.080294
vt 0.449553 0.116663
vt 0.471731 0.158156
vt 0.485388 0.203178
vt 0.490000 0.250000
vt 0.485388 0.296822
vt 0.471731 0.341844
vt 0.412529 0.343836
vt 0.412529 0.343836
vt 0.412529 0.343836
vt 0.412529 0.343836
vt 0.412529 0.343835
vt 0.418392 0.328252
vt 0.419374 0.311632
vt 0.419374 0.311631
vt 0.419374 0.311632
vt 0.419374 0.311632
vt 0.414957 0.295578
vt 0.405983 0.281554
vt 0.393042 0.271158
vt 0.379599 0.265578
vt 0.378357 0.265068
vt 0.378318 0.265057
vt 0.366467 0.263178
vt 0.366179 0.263119
vt 0.360499 0.259296
vt 0.360397 0.259215
vt 0.360366 0.259097
vt 0.359369 0.254970
vt 0.358109 0.250000
vt 0.359369 0.245030
vt 0.360366 0.240903
vt 0.360397 0.240785
vt 0.365984 0.237041
vt 0.366179 0.236881
vt 0.378290 0.234948
vt 0.378318 0.234943
vt 0.378357 0.234932
vt 0.379599 0.234422
vt 0.393041 0.228842
vt 0.405983 0.218446
vt 0.414957 0.204422
vt 0.419374 0.188369
vt 0.419374 0.188369
vt 0.419374 0.188369
vt 0.419374 0.188369
vt 0.419374 0.188368
vt 0.418392 0.171748
vt 0.412529 0.156165
vt 0.412529 0.156164
vt 0.412529 0.156164
vt 0.412529 0.156164
vt 0.401965 0.143295
vt 0.388062 0.134133
vt 0.388062 0.134133
vt 0.388061 0.134133
vt 0.388061 0.134133
vt 0.388061 0.134133
vt 0.371950 0.129932
vt 0.355319 0.130692
vt 0.355318 0.130692
vt 0.355318 0.130692
vt 0.355318 0.130692
vt 0.355318 0.130692
vt 0.339851 0.136681
vt 0.327306 0.146087
vt 0.327294 0.146097
vt 0.327285 0.146106
vt 0.327279 0.146114
vt 0.327042 0.146393
vt 0.320477 0.154294
vt 0.318561 0.156440
vt 0.318539 0.156461
vt 0.318494 0.156495
vt 0.317406 0.157088
vt 0.312249 0.157252
vt 0.311392 0.157311
vt 0.311201 0.157342
vt 0.310968 0.157199
vt 0.310751 0.157081
vt 0.296862 0.152239
vt 0.295738 0.150522
vt 0.294095 0.148316
vt 0.294115 0.148280
vt 0.296164 0.142970
vt 0.296255 0.142804
vt 0.301102 0.131380
vt 0.301109 0.131351
vt 0.301243 0.130366
vt 0.303196 0.115546
vt 0.300665 0.099138
vt 0.293007 0.084354
vt 0.281313 0.072502
vt 0.281313 0.072502
vt 0.281313 0.072502
vt 0.281313 0.072502
vt 0.031250 1.000000
vt 0.031250 0.500000
vt 0.000000 1.000000
vt 0.000000 0.500000
vt 0.729971 0.350694
vt 0.703178 0.485388
vt 0.750000 0.490000
vt 0.796822 0.485388
vt 0.841844 0.471731
vt 0.883337 0.449553
vt 0.919706 0.419706
vt 0.949553 0.383337
vt 0.971731 0.341844
vt 0.985388 0.296822
vt 0.990000 0.250000
vt 0.985388 0.203178
vt 0.971731 0.158156
vt 0.949553 0.116663
vt 0.919706 0.080294
vt 0.883337 0.050447
vt 0.841844 0.028269
vt 0.796822 0.014612
vt 0.750000 0.010000
vt 0.703178 0.014612
vt 0.658156 0.028269
vt 0.616663 0.050447
vt 0.580294 0.080294
vt 0.550447 0.116663
vt 0.528269 0.158156
vt 0.514612 0.203178
vt 0.649306 0.229971
vt 0.655148 0.210711
vt 0.664636 0.192961
vt 0.677404 0.177404
vt 0.692961 0.164636
vt 0.710711 0.155148
vt 0.729971 0.149306
vt 0.750000 0.147333
vt 0.770029 0.149306
vt 0.789289 0.155148
vt 0.807039 0.164636
vt 0.822596 0.177404
vt 0.835364 0.192961
vt 0.844852 0.210711
vt 0.850694 0.229971
vt 0.852667 0.250000
vt 0.850694 0.270029
vt 0.844852 0.289289
vt 0.835364 0.307039
vt 0.822596 0.322596
vt 0.807039 0.335364
vt 0.789289 0.344852
vt 0.770029 0.350694
vt 0.750000 0.352667
vt 0.647333 0.250000
vt 0.510000 0.250000
vt 0.514612 0.296822
vt 0.528269 0.341844
vt 0.550447 0.383337
vt 0.580294 0.419706
vt 0.616663 0.449553
vt 0.658156 0.471731
vt 0.710711 0.344852
vt 0.692961 0.335364
vt 0.677404 0.322596
vt 0.664636 0.307038
vt 0.655148 0.289289
vt 0.649306 0.270029
vt 0.250000 0.455333
vt 0.250000 0.250000
vt 0.290059 0.451388
vt 0.328578 0.439703
vt 0.364077 0.420728
vt 0.395193 0.395193
vt 0.420728 0.364077
vt 0.439703 0.328578
vt 0.451388 0.290059
vt 0.455333 0.250000
vt 0.451388 0.209941
vt 0.439703 0.171422
vt 0.420728 0.135923
vt 0.395193 0.104807
vt 0.364077 0.079272
vt 0.328578 0.060297
vt 0.290059 0.048612
vt 0.250000 0.044667
vt 0.209941 0.048612
vt 0.171422 0.060297
vt 0.135923 0.079272
vt 0.104807 0.104807
vt 0.079272 0.135923
vt 0.060297 0.171422
vt 0.048612 0.209941
vt 0.044667 0.250000
vt 0.048612 0.290059
vt 0.060297 0.328578
vt 0.079272 0.364077
vt 0.104807 0.395193
vt 0.135923 0.420728
vt 0.171422 0.439703
vt 0.209941 0.451388
vt 0.181819 0.000000
vt 0.159092 0.039365
vt 0.181819 0.052487
vt 0.204546 0.039365
vt 0.227273 0.078731
vt 0.181819 0.078731
vt 0.136365 0.078731
vt 0.272728 0.157461
vt 0.315587 0.153183
vt 0.317751 0.130592
vt 0.295455 0.118096
vt 0.318182 0.078731
vt 0.340838 0.117707
vt 0.363637 0.153633
vt 0.863636 0.078731
vt 0.909091 0.078730
vt 0.909091 0.052487
vt 0.886364 0.039365
vt 0.909091 0.000000
vt 0.931818 0.039365
vt 0.954545 0.078731
vt 0.681818 0.078731
vt 0.727273 0.078730
vt 0.727273 0.052487
vt 0.704546 0.039365
vt 0.727273 0.000000
vt 0.750000 0.039365
vt 0.772727 0.078731
vt 0.590909 0.078731
vt 0.568182 0.039365
vt 0.545455 0.052487
vt 0.545455 0.078731
vt 0.500000 0.078731
vt 0.522728 0.039365
vt 0.545455 0.000000
vt 0.277017 0.164891
vt 0.278125 0.165205
vt 0.307662 0.171703
vt 0.282353 0.164709
vt 0.343162 0.183661
vt 0.338470 0.201052
vt 0.327184 0.191591
vt 0.315897 0.182130
vt 0.297565 0.173824
vt 0.279233 0.165519
vt 0.103185 0.178722
vt 0.112149 0.176161
vt 0.137639 0.174116
vt 0.103394 0.177654
vt 0.090910 0.157461
vt 0.136759 0.154003
vt 0.183820 0.155610
vt 0.169278 0.180469
vt 0.165562 0.185620
vt 0.165562 0.185619
vt 0.165562 0.185619
vt 0.150086 0.180420
vt 0.134610 0.175220
vt 0.127862 0.174410
vt 0.121114 0.173599
vt 0.818182 0.157461
vt 0.836815 0.184278
vt 0.868973 0.177867
vt 0.865011 0.154685
vt 0.909517 0.153016
vt 0.897184 0.173020
vt 0.896481 0.179302
vt 0.893761 0.178716
vt 0.891041 0.178129
vt 0.884941 0.178391
vt 0.878840 0.178653
vt 0.862751 0.185766
vt 0.846663 0.192878
vt 0.844186 0.195545
vt 0.841709 0.198212
vt 0.674821 0.235646
vt 0.675037 0.235708
vt 0.682571 0.225930
vt 0.688411 0.198305
vt 0.662274 0.198364
vt 0.674453 0.235592
vt 0.636364 0.157461
vt 0.683549 0.159923
vt 0.726847 0.153016
vt 0.711063 0.181100
vt 0.707173 0.192276
vt 0.701150 0.196264
vt 0.695128 0.200251
vt 0.691879 0.204611
vt 0.688630 0.208970
vt 0.685572 0.221978
vt 0.682514 0.234986
vt 0.454546 0.157461
vt 0.466584 0.172082
vt 0.491403 0.193785
vt 0.497522 0.158885
vt 0.543454 0.155610
vt 0.519006 0.198209
vt 0.507165 0.236177
vt 0.498775 0.224876
vt 0.499318 0.235009
vt 0.495347 0.219430
vt 0.491376 0.203851
vt 0.488505 0.198573
vt 0.485634 0.193296
vt 0.474633 0.183246
vt 0.463630 0.173196
vt 0.227666 0.236191
vt 0.227811 0.235600
vt 0.227782 0.234063
vt 0.227118 0.236162
vt 0.220109 0.236177
vt 0.228499 0.224876
vt 0.227956 0.235009
vt 0.260691 0.172082
vt 0.271786 0.166452
vt 0.275326 0.165203
vt 0.268639 0.169356
vt 0.273634 0.165515
vt 0.263644 0.173196
vt 0.074627 0.235571
vt 0.077969 0.236191
vt 0.081204 0.220188
vt 0.082959 0.201251
vt 0.072178 0.234746
vt 0.068183 0.196826
vt 0.045823 0.235553
vt 0.046247 0.235547
vt 0.096484 0.185205
vt 0.089783 0.191688
vt 0.087111 0.197937
vt 0.084439 0.204186
vt 0.799549 0.184278
vt 0.818182 0.204772
vt 0.841116 0.199858
vt 0.840523 0.201504
vt 0.837547 0.218848
vt 0.827039 0.235820
vt 0.834571 0.236191
vt 0.818182 0.234952
vt 0.798817 0.218848
vt 0.801793 0.236191
vt 0.809325 0.235820
vt 0.795841 0.201504
vt 0.795248 0.199858
vt 0.794655 0.198212
vt 0.637490 0.191688
vt 0.640163 0.197937
vt 0.644474 0.201332
vt 0.630790 0.185205
vt 0.624089 0.178722
vt 0.623988 0.177691
vt 0.654657 0.234784
vt 0.674126 0.235583
vt 0.649305 0.236191
vt 0.652395 0.235592
vt 0.646070 0.220188
vt 0.642835 0.204186
vt 0.444921 0.164709
vt 0.455488 0.166452
vt 0.458635 0.169356
vt 0.451948 0.165203
vt 0.453640 0.165515
vt 0.450257 0.164891
vt 0.499492 0.234063
vt 0.500156 0.236162
vt 0.499608 0.236191
vt 0.499463 0.235600
vt 0.500142 0.236208
vt 0.499603 0.236212
vt 0.499624 0.236220
vt 0.506782 0.236674
vt 0.505838 0.236593
vt 0.506999 0.236736
vt 0.507366 0.236790
vt 0.649282 0.236462
vt 0.649253 0.236462
vt 0.801971 0.236422
vt 0.801758 0.236427
vt 0.834393 0.236422
vt 0.834606 0.236427
vt 0.078021 0.236462
vt 0.077989 0.236462
vt 0.220275 0.236736
vt 0.220492 0.236674
vt 0.219908 0.236790
vt 0.221436 0.236593
vt 0.227132 0.236208
vt 0.227671 0.236212
vt 0.227650 0.236220
vt 0.527055 0.237249
vt 0.507694 0.236799
vt 0.527162 0.237598
vt 0.529424 0.236790
vt 0.537487 0.205591
vt 0.557996 0.180469
vt 0.561712 0.185620
vt 0.552914 0.193229
vt 0.544115 0.200838
vt 0.540505 0.207090
vt 0.536895 0.213342
vt 0.534705 0.224766
vt 0.532566 0.235920
vt 0.532537 0.235920
vt 0.589635 0.174116
vt 0.590515 0.154003
vt 0.615125 0.176161
vt 0.606160 0.173599
vt 0.599412 0.174410
vt 0.592664 0.175220
vt 0.577188 0.180420
vt 0.561712 0.185619
vt 0.561712 0.185619
vt 0.681677 0.236174
vt 0.682249 0.234241
vt 0.675981 0.235789
vt 0.682363 0.235588
vt 0.682195 0.236162
vt 0.682216 0.236170
vt 0.716162 0.185924
vt 0.728022 0.182613
vt 0.722602 0.179941
vt 0.711667 0.189100
vt 0.739181 0.173020
vt 0.739883 0.179302
vt 0.767390 0.177867
vt 0.771353 0.154685
vt 0.792178 0.195545
vt 0.789701 0.192878
vt 0.773613 0.185766
vt 0.757524 0.178653
vt 0.751424 0.178391
vt 0.745323 0.178129
vt 0.742603 0.178716
vt 0.953908 0.234241
vt 0.954002 0.235588
vt 0.954148 0.236170
vt 0.954149 0.236151
vt 0.954199 0.235891
vt 0.953850 0.234986
vt 0.953349 0.225893
vt 0.954446 0.235739
vt 0.954488 0.235693
vt 0.920202 0.185924
vt 0.924697 0.189100
vt 0.913762 0.179941
vt 0.908342 0.182613
vt 0.925301 0.181100
vt 0.929191 0.192276
vt 0.935214 0.196264
vt 0.948079 0.198242
vt 0.952924 0.159886
vt 1.000000 0.157461
vt 0.977273 0.196826
vt 0.954648 0.235622
vt 0.954914 0.235553
vt 0.950792 0.221978
vt 0.947734 0.208970
vt 0.944485 0.204611
vt 0.941236 0.200251
vt 0.200219 0.237249
vt 0.197850 0.236790
vt 0.200112 0.237598
vt 0.219581 0.236799
vt 0.174360 0.193229
vt 0.189787 0.205591
vt 0.208268 0.198209
vt 0.192569 0.224766
vt 0.194708 0.235920
vt 0.194737 0.235920
vt 0.190379 0.213342
vt 0.186769 0.207090
vt 0.183159 0.200838
vt 0.231927 0.219430
vt 0.235871 0.193785
vt 0.229752 0.158885
vt 0.252642 0.183246
vt 0.241640 0.193296
vt 0.238769 0.198573
vt 0.235898 0.203851
vt 0.363637 0.236998
vt 0.354781 0.236562
vt 0.363637 0.237430
vt 0.372493 0.236562
vt 0.383530 0.211990
vt 0.386046 0.206642
vt 0.363637 0.206807
vt 0.381778 0.224090
vt 0.379848 0.235960
vt 0.380061 0.235955
vt 0.345496 0.224090
vt 0.347214 0.235955
vt 0.347426 0.235960
vt 0.343744 0.211990
vt 0.341228 0.206642
vt 0.338712 0.201294
vt 0.338591 0.201173
vt 0.384112 0.183661
vt 0.388804 0.201052
vt 0.388683 0.201173
vt 0.388562 0.201294
vt 0.400090 0.191591
vt 0.419612 0.171703
vt 0.411687 0.153183
vt 0.449149 0.165205
vt 0.448041 0.165519
vt 0.429709 0.173824
vt 0.411377 0.182130
vt 0.522521 0.117993
vt 0.499588 0.131573
vt 0.477273 0.118096
vt 0.568027 0.117852
vt 0.545400 0.104909
vt 0.613637 0.118096
vt 0.590805 0.130723
vt 0.682081 0.131679
vt 0.659091 0.118096
vt 0.704558 0.117815
vt 0.749931 0.117670
vt 0.727261 0.104831
vt 0.795455 0.118096
vt 0.772497 0.130813
vt 0.886433 0.117670
vt 0.863867 0.130813
vt 0.840909 0.118096
vt 0.909104 0.104831
vt 0.931806 0.117815
vt 0.954283 0.131679
vt 0.977273 0.118096
vt 0.409523 0.130592
vt 0.386436 0.117707
vt 0.409092 0.078731
vt 0.431819 0.118096
vt 0.363637 0.078731
vt 0.363637 0.104860
vt 0.363637 0.000000
vt 0.340910 0.039365
vt 0.363637 0.052487
vt 0.386364 0.039365
vt 0.136468 0.130723
vt 0.113637 0.118096
vt 0.159247 0.117852
vt 0.181874 0.104909
vt 0.204753 0.117993
vt 0.227686 0.131573
vt 0.250001 0.118096
vt 0.181710 0.052089
vt 0.181150 0.075555
vt 0.318230 0.157413
vt 0.318182 0.131218
vt 0.340910 0.118096
vt 0.363637 0.157461
vt 0.908996 0.078675
vt 0.341129 0.196779
vt 0.318533 0.183418
vt 0.298017 0.194756
vt 0.320245 0.236118
vt 0.320330 0.236126
vt 0.861530 0.236180
vt 0.883290 0.194434
vt 0.863105 0.183309
vt 0.840689 0.196776
vt 0.863117 0.157142
vt 0.902835 0.153803
vt 0.681819 0.236191
vt 0.704546 0.196826
vt 0.681818 0.183704
vt 0.659091 0.196826
vt 0.681819 0.236191
vt 0.681819 0.236191
vt 0.681819 0.157461
vt 0.727273 0.157461
vt 0.500001 0.236191
vt 0.522728 0.196826
vt 0.500000 0.183704
vt 0.477273 0.196826
vt 0.500001 0.157461
vt 0.545455 0.157461
vt 0.267064 0.177690
vt 0.279233 0.203696
vt 0.285818 0.234716
vt 0.263720 0.209330
vt 0.269022 0.235554
vt 0.269401 0.235515
vt 0.258290 0.182469
vt 0.858781 0.236181
vt 0.818118 0.209947
vt 0.818015 0.234975
vt 0.795455 0.196826
vt 0.772728 0.236191
vt 0.772728 0.236191
vt 0.636364 0.209948
vt 0.636364 0.234972
vt 0.681819 0.236191
vt 0.613637 0.196826
vt 0.590910 0.236191
vt 0.590910 0.236191
vt 0.454546 0.209948
vt 0.431819 0.196826
vt 0.409092 0.236191
vt 0.454546 0.234972
vt 0.861489 0.236256
vt 0.861575 0.236264
vt 0.545455 0.236191
vt 0.500002 0.236191
vt 0.545455 0.237410
vt 0.590908 0.236191
vt 0.568182 0.196826
vt 0.545455 0.209948
vt 0.590910 0.236191
vt 0.590910 0.236191
vt 0.590910 0.183704
vt 0.590910 0.157461
vt 0.727273 0.236191
vt 0.681821 0.236191
vt 0.727273 0.237410
vt 0.772724 0.236191
vt 0.750000 0.196826
vt 0.727273 0.209948
vt 0.772728 0.236191
vt 0.772727 0.183704
vt 0.772728 0.157461
vt 0.895677 0.236139
vt 0.896010 0.237704
vt 0.912668 0.236191
vt 0.896553 0.237652
vt 0.912797 0.236828
vt 0.902314 0.203440
vt 0.913504 0.177112
vt 0.917888 0.208966
vt 0.923108 0.181740
vt 0.927759 0.169601
vt 0.921872 0.165585
vt 0.925584 0.150657
vt 0.932409 0.157461
vt 0.250820 0.151889
vt 0.257391 0.166090
vt 0.251070 0.169965
vt 0.243850 0.157461
vt 0.363809 0.236192
vt 0.323041 0.236201
vt 0.363804 0.237407
vt 0.363701 0.209948
vt 0.386364 0.196826
vt 0.409092 0.183704
vt 0.409092 0.157461
vt 0.522728 0.118096
vt 0.500001 0.131218
vt 0.568182 0.118096
vt 0.545455 0.104974
vt 0.590910 0.131218
vt 0.681818 0.131218
vt 0.704546 0.118096
vt 0.750000 0.118096
vt 0.727273 0.104974
vt 0.772727 0.131218
vt 0.885797 0.117770
vt 0.863460 0.131116
vt 0.908342 0.104542
vt 0.927032 0.115069
vt 0.940869 0.122559
vt 0.960375 0.088828
vt 0.966205 0.098925
vt 0.954006 0.111394
vt 0.941808 0.123862
vt 0.937109 0.140662
vt 0.409092 0.131218
vt 0.386364 0.118096
vt 0.363637 0.104974
vt 0.130535 0.088828
vt 0.138384 0.093857
vt 0.151404 0.092887
vt 0.150382 0.103010
vt 0.137544 0.100968
vt 0.124705 0.098925
vt 0.179361 0.095982
vt 0.208980 0.105782
vt 0.176570 0.112103
vt 0.202757 0.121195
vt 0.202757 0.121195
vt 0.228886 0.127224
vt 0.223304 0.139328
vt 0.202757 0.121195
vt 0.318182 0.157461
vt 0.727368 0.078675
vt 0.545564 0.052089
vt 0.546124 0.075555
vt 0.318183 0.236191
vt 0.340910 0.196826
vt 0.318183 0.183704
vt 0.295455 0.196826
vt 0.159092 0.196826
vt 0.136364 0.183704
vt 0.113637 0.196826
vt 0.136364 0.236191
vt 0.136364 0.236191
vt 0.136364 0.236191
vt 0.136365 0.157461
vt 0.181819 0.157461
vt 0.863637 0.236191
vt 0.886364 0.196826
vt 0.863636 0.183704
vt 0.840909 0.196826
vt 0.863637 0.236191
vt 0.863637 0.157461
vt 0.909091 0.157461
vt 0.713256 0.181740
vt 0.722860 0.177112
vt 0.714492 0.165585
vt 0.708605 0.169601
vt 0.703955 0.157461
vt 0.710780 0.150657
vt 0.733529 0.153803
vt 0.460210 0.177690
vt 0.469883 0.166090
vt 0.476454 0.151889
vt 0.483424 0.157461
vt 0.476204 0.169965
vt 0.468984 0.182469
vt 0.272728 0.209948
vt 0.250001 0.196826
vt 0.227274 0.236191
vt 0.227274 0.236191
vt 0.272728 0.234972
vt 0.090910 0.209948
vt 0.045455 0.236191
vt 0.045455 0.236191
vt 0.090910 0.234972
vt 0.136364 0.236191
vt 0.818246 0.209947
vt 0.818349 0.234975
vt 0.863637 0.236191
vt 0.795675 0.196776
vt 0.774834 0.236180
vt 0.777583 0.236181
vt 0.448041 0.203696
vt 0.463554 0.209330
vt 0.441456 0.234716
vt 0.442000 0.234764
vt 0.458252 0.235554
vt 0.429257 0.194756
vt 0.407030 0.236118
vt 0.774875 0.236256
vt 0.774790 0.236263
vt 0.740363 0.237666
vt 0.740687 0.236139
vt 0.723696 0.236191
vt 0.723567 0.236828
vt 0.723946 0.236867
vt 0.753074 0.194434
vt 0.734050 0.203440
vt 0.718476 0.208966
vt 0.773259 0.183309
vt 0.773247 0.157142
vt 0.909091 0.237410
vt 0.909091 0.236191
vt 0.863641 0.236191
vt 0.954543 0.236191
vt 0.931818 0.196826
vt 0.909091 0.209948
vt 0.954546 0.236191
vt 0.954545 0.183704
vt 0.954546 0.236191
vt 0.954546 0.157461
vt 0.181819 0.236191
vt 0.136366 0.236191
vt 0.181819 0.237410
vt 0.227272 0.236191
vt 0.181819 0.209948
vt 0.204546 0.196826
vt 0.227274 0.236191
vt 0.227274 0.183704
vt 0.227274 0.236191
vt 0.227274 0.157461
vt 0.363470 0.237407
vt 0.363465 0.236192
vt 0.404234 0.236201
vt 0.363573 0.209948
vt 0.386145 0.196779
vt 0.406944 0.236126
vt 0.408741 0.183418
vt 0.409044 0.157413
vt 0.503970 0.139328
vt 0.498388 0.127224
vt 0.518294 0.105782
vt 0.524517 0.121195
vt 0.524517 0.121195
vt 0.524517 0.121195
vt 0.547913 0.095982
vt 0.575870 0.092887
vt 0.550704 0.112103
vt 0.576892 0.103010
vt 0.588890 0.093857
vt 0.596739 0.088828
vt 0.602569 0.098925
vt 0.589730 0.100968
vt 0.675989 0.088828
vt 0.695495 0.122559
vt 0.709333 0.115069
vt 0.699256 0.140662
vt 0.694556 0.123862
vt 0.682358 0.111394
vt 0.670159 0.098925
vt 0.750567 0.117770
vt 0.728022 0.104542
vt 0.772904 0.131116
vt 0.886364 0.118096
vt 0.863636 0.131218
vt 0.909091 0.104974
vt 0.931818 0.118096
vt 0.954546 0.131217
vt 0.136365 0.131218
vt 0.159092 0.118096
vt 0.181819 0.104974
vt 0.204546 0.118096
vt 0.227274 0.131218
vt 0.181819 0.078730
vt 0.181819 0.052487
vt 0.727273 0.052487
vt 0.727369 0.078678
vt 0.545764 0.052112
vt 0.547243 0.075689
vt 0.136365 0.236191
vt 0.863637 0.236191
vt 0.714145 0.170882
vt 0.715017 0.174030
vt 0.715169 0.165877
vt 0.709251 0.164171
vt 0.710728 0.150253
vt 0.704357 0.157461
vt 0.724015 0.175927
vt 0.733712 0.153628
vt 0.715889 0.177178
vt 0.464614 0.174899
vt 0.471112 0.166180
vt 0.466244 0.163996
vt 0.457100 0.176243
vt 0.472627 0.152117
vt 0.477610 0.157461
vt 0.227274 0.236191
vt 0.090910 0.209948
vt 0.090910 0.234972
vt 0.045455 0.236191
vt 0.818249 0.209947
vt 0.818356 0.234976
vt 0.795688 0.196767
vt 0.774947 0.236159
vt 0.778657 0.236162
vt 0.445197 0.234774
vt 0.443952 0.208326
vt 0.435692 0.235028
vt 0.444770 0.236110
vt 0.444862 0.236141
vt 0.428089 0.195716
vt 0.406133 0.236137
vt 0.407191 0.236131
vt 0.455080 0.204128
vt 0.445545 0.233357
vt 0.406151 0.236171
vt 0.406113 0.236175
vt 0.406178 0.236170
vt 0.774885 0.236275
vt 0.775002 0.236265
vt 0.740947 0.237690
vt 0.741281 0.236039
vt 0.724433 0.236191
vt 0.724338 0.236747
vt 0.724649 0.236783
vt 0.741754 0.237667
vt 0.753326 0.194123
vt 0.734909 0.202354
vt 0.720161 0.206685
vt 0.773302 0.183255
vt 0.773267 0.157118
vt 0.863641 0.236191
vt 0.909091 0.237410
vt 0.954544 0.236191
vt 0.954546 0.236191
vt 0.954545 0.236191
vt 0.136366 0.236191
vt 0.170033 0.237098
vt 0.227272 0.236191
vt 0.227274 0.236191
vt 0.363401 0.236188
vt 0.363408 0.237409
vt 0.406069 0.236176
vt 0.363549 0.209947
vt 0.386053 0.196807
vt 0.408552 0.183606
vt 0.409016 0.157445
vt 0.490402 0.146947
vt 0.492995 0.130540
vt 0.517953 0.107059
vt 0.525086 0.122180
vt 0.514139 0.129307
vt 0.503193 0.136434
vt 0.547262 0.111466
vt 0.552898 0.096528
vt 0.578358 0.091796
vt 0.578909 0.099516
vt 0.574173 0.100134
vt 0.569438 0.100752
vt 0.603679 0.100848
vt 0.597294 0.089789
vt 0.590092 0.093480
vt 0.591294 0.100182
vt 0.675434 0.089789
vt 0.695557 0.122633
vt 0.709355 0.115159
vt 0.686703 0.129155
vt 0.669049 0.100848
vt 0.750582 0.117757
vt 0.728030 0.104550
vt 0.772910 0.131110
vt 0.863636 0.131218
vt 0.886364 0.118096
vt 0.931818 0.118096
vt 0.909091 0.104974
vt 0.977273 0.118096
vt 0.954546 0.131218
vt 0.386364 0.118096
vt 0.409092 0.131218
vt 0.250001 0.118096
vt 0.180606 0.074846
vt 0.181612 0.051977
vt 0.318235 0.157408
vt 0.908997 0.078640
vt 0.727273 0.078731
vt 0.341141 0.196774
vt 0.318562 0.183386
vt 0.298220 0.194548
vt 0.320340 0.236107
vt 0.320457 0.236117
vt 0.860696 0.236211
vt 0.882256 0.195692
vt 0.862931 0.183540
vt 0.840601 0.196819
vt 0.860658 0.236207
vt 0.863076 0.157169
vt 0.902562 0.153672
vt 0.681819 0.236191
vt 0.500001 0.236191
vt 0.500001 0.236191
vt 0.268581 0.176523
vt 0.279965 0.202926
vt 0.286401 0.234691
vt 0.287209 0.234715
vt 0.265007 0.207741
vt 0.269793 0.235635
vt 0.270104 0.235599
vt 0.260125 0.179290
vt 0.818094 0.209949
vt 0.817953 0.234973
vt 0.860614 0.236206
vt 0.772728 0.236191
vt 0.681819 0.236191
vt 0.590910 0.236191
vt 0.590910 0.236191
vt 0.624578 0.235284
vt 0.545455 0.237410
vt 0.590908 0.236191
vt 0.545455 0.209948
vt 0.568182 0.196826
vt 0.727273 0.237410
vt 0.772728 0.236191
vt 0.889946 0.236411
vt 0.861739 0.236252
vt 0.890244 0.237380
vt 0.899395 0.236191
vt 0.899315 0.236273
vt 0.899407 0.236241
vt 0.899648 0.235186
vt 0.898786 0.209198
vt 0.860723 0.236212
vt 0.911955 0.177292
vt 0.921279 0.178572
vt 0.910590 0.206377
vt 0.899901 0.234181
vt 0.927021 0.168017
vt 0.921258 0.164588
vt 0.925618 0.148991
vt 0.932762 0.157461
vt 0.260704 0.165361
vt 0.255521 0.168376
vt 0.250916 0.157461
vt 0.256332 0.153776
vt 0.363816 0.236193
vt 0.324117 0.236220
vt 0.363811 0.237406
vt 0.363704 0.209948
vt 0.522728 0.118096
vt 0.568182 0.118096
vt 0.704546 0.118096
vt 0.863454 0.131112
vt 0.885782 0.117723
vt 0.926969 0.113720
vt 0.908344 0.104323
vt 0.940705 0.133237
vt 0.941038 0.117184
vt 0.957234 0.083387
vt 0.959922 0.088043
vt 0.954285 0.098528
vt 0.948648 0.109012
vt 0.130988 0.088043
vt 0.134866 0.088000
vt 0.138148 0.086357
vt 0.133676 0.083387
vt 0.149187 0.086970
vt 0.140672 0.088742
vt 0.142598 0.089528
vt 0.138745 0.087957
vt 0.177382 0.093374
vt 0.210965 0.107862
vt 0.171890 0.106725
vt 0.201182 0.123922
vt 0.250395 0.156859
vt 0.250655 0.157160
vt 0.239839 0.135080
vt 0.225788 0.140391
vt 0.340910 0.118096
vt 0.318183 0.157461
vt 0.909091 0.052487
vt 0.909091 0.078731
vt 0.727367 0.078640
vt 0.546668 0.074846
vt 0.545662 0.051977
vt 0.136364 0.236191
vt 0.136364 0.236191
vt 0.715085 0.178572
vt 0.724409 0.177292
vt 0.715106 0.164588
vt 0.709343 0.168017
vt 0.703602 0.157461
vt 0.710746 0.148991
vt 0.733802 0.153672
vt 0.467149 0.179290
vt 0.471753 0.168376
vt 0.466570 0.165361
vt 0.458693 0.176523
vt 0.470942 0.153776
vt 0.476358 0.157461
vt 0.272728 0.234972
vt 0.045455 0.236191
vt 0.045455 0.236191
vt 0.090910 0.234972
vt 0.818270 0.209949
vt 0.795763 0.196819
vt 0.775706 0.236207
vt 0.775750 0.236206
vt 0.818411 0.234973
vt 0.440873 0.234691
vt 0.447309 0.202926
vt 0.429054 0.194548
vt 0.406934 0.236107
vt 0.407012 0.236104
vt 0.462267 0.207741
vt 0.457481 0.235635
vt 0.441473 0.234761
vt 0.746418 0.236411
vt 0.746127 0.237354
vt 0.774626 0.236252
vt 0.736969 0.236191
vt 0.736957 0.236241
vt 0.737049 0.236272
vt 0.737577 0.209198
vt 0.754108 0.195692
vt 0.775642 0.236212
vt 0.775668 0.236211
vt 0.736716 0.235186
vt 0.736463 0.234181
vt 0.725774 0.206377
vt 0.773433 0.183540
vt 0.773288 0.157169
vt 0.909091 0.209948
vt 0.931818 0.196826
vt 0.954545 0.236191
vt 0.136366 0.236191
vt 0.363458 0.236193
vt 0.363463 0.237406
vt 0.403157 0.236220
vt 0.386133 0.196774
vt 0.363570 0.209948
vt 0.406817 0.236117
vt 0.408712 0.183386
vt 0.409039 0.157408
vt 0.487435 0.135080
vt 0.516309 0.107862
vt 0.526092 0.123922
vt 0.501486 0.140391
vt 0.476880 0.156859
vt 0.476619 0.157160
vt 0.549892 0.093374
vt 0.578087 0.086970
vt 0.555384 0.106725
vt 0.584676 0.089528
vt 0.588529 0.087957
vt 0.592408 0.088000
vt 0.589126 0.086357
vt 0.586603 0.088742
vt 0.593598 0.083387
vt 0.596286 0.088043
vt 0.679130 0.083387
vt 0.695326 0.117184
vt 0.709395 0.113720
vt 0.695659 0.133237
vt 0.687716 0.109012
vt 0.682079 0.098528
vt 0.676442 0.088043
vt 0.728020 0.104323
vt 0.750582 0.117723
vt 0.772910 0.131112
vt 0.795455 0.118096
vt 0.431819 0.118096
vt 0.409092 0.131218
vt 0.363637 0.104974
vt 0.113637 0.118096
vt 0.227274 0.131217
vt 0.181510 0.052112
vt 0.180031 0.075689
vt 0.318258 0.157445
vt 0.908995 0.078678
vt 0.545455 0.078730
vt 0.545455 0.052487
vt 0.321141 0.236137
vt 0.341221 0.196807
vt 0.318722 0.183606
vt 0.299185 0.195716
vt 0.861417 0.236159
vt 0.883038 0.194122
vt 0.863062 0.183255
vt 0.840676 0.196768
vt 0.863097 0.157118
vt 0.902652 0.153628
vt 0.262660 0.174899
vt 0.272194 0.204128
vt 0.283322 0.208325
vt 0.270174 0.176243
vt 0.291582 0.235028
vt 0.320084 0.236131
vt 0.282504 0.236110
vt 0.282077 0.234774
vt 0.282412 0.236141
vt 0.281729 0.233357
vt 0.818115 0.209947
vt 0.795455 0.196826
vt 0.772728 0.236191
vt 0.772728 0.236191
vt 0.818008 0.234976
vt 0.857706 0.236162
vt 0.636364 0.234972
vt 0.454546 0.209948
vt 0.454546 0.234972
vt 0.500001 0.236191
vt 0.431819 0.196826
vt 0.409092 0.236191
vt 0.861362 0.236264
vt 0.861479 0.236275
vt 0.321123 0.236171
vt 0.321097 0.236170
vt 0.321161 0.236175
vt 0.772724 0.236191
vt 0.772728 0.236191
vt 0.895083 0.236039
vt 0.894621 0.237704
vt 0.895430 0.237732
vt 0.911931 0.236191
vt 0.911715 0.236785
vt 0.912026 0.236747
vt 0.920475 0.177178
vt 0.912349 0.175927
vt 0.901455 0.202354
vt 0.916203 0.206685
vt 0.921347 0.174030
vt 0.921195 0.165877
vt 0.925636 0.150253
vt 0.927113 0.164171
vt 0.932007 0.157461
vt 0.922219 0.170882
vt 0.261031 0.163996
vt 0.256162 0.166180
vt 0.249664 0.157461
vt 0.254647 0.152117
vt 0.363873 0.236188
vt 0.321205 0.236176
vt 0.363866 0.237409
vt 0.386364 0.196826
vt 0.363725 0.209947
vt 0.727273 0.104974
vt 0.772728 0.131217
vt 0.863455 0.131110
vt 0.885783 0.117757
vt 0.908334 0.104550
vt 0.927010 0.115159
vt 0.949661 0.129155
vt 0.940807 0.122633
vt 0.960930 0.089789
vt 0.967315 0.100848
vt 0.129980 0.089789
vt 0.137182 0.093480
vt 0.148916 0.091796
vt 0.148365 0.099516
vt 0.135980 0.100182
vt 0.123595 0.100848
vt 0.174376 0.096528
vt 0.209321 0.107059
vt 0.202188 0.122180
vt 0.180013 0.111466
vt 0.157837 0.100752
vt 0.153101 0.100134
vt 0.224081 0.136434
vt 0.236872 0.146947
vt 0.234279 0.130540
vt 0.213135 0.129307
s 0
f 1/1/1 3/2/1 7/3/1 5/4/1
f 5/4/2 7/3/2 11/5/2 9/6/2
f 9/6/3 11/5/3 15/7/3 13/8/3
f 13/8/4 15/7/4 20/9/4 17/10/4
f 17/10/5 20/9/5 23/11/5 21/12/5
f 21/12/6 23/11/6 27/13/6 25/14/6
f 25/14/7 27/13/7 32/15/7 29/16/7
f 29/16/8 32/15/8 36/17/8 34/18/8
f 34/18/9 36/17/9 40/19/9 38/20/9
f 38/20/10 40/19/10 43/21/10 41/22/10
f 41/22/11 43/21/11 47/23/11 46/24/11
f 46/24/12 47/23/12 51/25/12 49/26/12
f 49/26/13 51/25/13 55/27/13 54/28/13
f 54/28/14 55/27/14 60/29/14 57/30/14
f 57/30/15 60/29/15 63/31/15 61/32/15
f 61/32/16 63/31/16 69/33/16 66/34/16
f 66/34/17 69/33/17 73/35/17 72/36/17
f 72/36/18 73/35/18 75/37/18 74/38/18
f 74/38/19 75/37/19 77/39/19 76/40/19
f 76/40/20 77/39/20 79/41/20 78/42/20
f 78/42/21 79/41/21 81/43/21 80/44/21
f 80/44/22 81/43/22 83/45/22 82/46/22
f 82/46/23 83/45/23 85/47/23 84/48/23
f 84/48/24 85/47/24 87/49/24 86/50/24
f 86/50/25 87/49/25 89/51/25 88/52/25
f 88/52/26 89/51/26 91/53/26 90/54/26
f 90/54/27 91/53/27 93/55/27 92/56/27
f 92/56/28 93/55/28 95/57/28 94/58/28
f 94/58/29 95/57/29 97/59/29 96/60/29
f 96/60/30 97/59/30 99/61/30 98/62/30
f 1011/63/31 1010/64/31 1009/65/31 1014/65/31 1013/66/31 1012/67/31 205/68/31 1178/69/31 1151/70/31 1147/71/31 1146/72/31 1142/73/31 1141/74/31 1140/75/31 1139/76/31 1143/77/31 1144/78/31 1149/79/31 1148/80/31 1150/81/31 1161/82/31 1160/83/31 1158/84/31 1155/85/31 1156/86/31 1157/87/31 1159/88/31 1152/89/31 1153/90/31 1154/91/31 1162/92/31 1163/93/31 1168/94/31 1167/95/31 1169/96/31 1166/97/31 1164/98/31 1165/99/31 1177/100/31 1172/101/31 1170/102/31 1171/103/31 1176/104/31 1175/105/31 1173/106/31 1174/107/31 23/108/31 20/109/31 15/110/31 11/111/31 7/112/31 3/113/31 101/114/31 99/115/31 97/116/31 95/117/31 93/118/31 91/119/31 89/120/31 87/121/31 85/122/31 83/123/31 81/124/31 1083/125/31 1064/126/31 1065/127/31 1062/128/31 1061/129/31 1063/130/31 1058/131/31 1055/132/31 1054/133/31 1056/133/31 1060/134/31 1057/135/31 1059/136/31 1066/137/31 1069/138/31 1068/139/31 1074/140/31 1072/141/31 1081/142/31 1085/143/31 1087/144/31 1086/145/31 1089/146/31 1110/147/31 1107/148/31 1108/149/31 1109/150/31 1093/151/31 1094/152/31 1092/153/31 1113/154/31 1114/155/31 1112/156/31 1111/157/31 1090/158/31 1091/159/31 1088/160/31 1084/161/31 1082/162/31 1073/163/31 1075/164/31 1071/165/31 1070/166/31 1067/167/31 1020/168/31 1019/169/31 1018/170/31 1017/171/31 1016/170/31 1015/172/31 1021/173/31 1024/174/31 1023/175/31 1022/175/31 1027/176/31 1026/177/31 1025/178/31 1080/179/31 1079/180/31 1078/180/31 1076/180/31 1077/181/31 1115/182/31 204/183/31 1106/184/31 1096/185/31 1095/186/31 1097/187/31 1098/188/31 1099/189/31 1104/190/31 1102/191/31 1100/192/31 1101/193/31 1103/194/31 1105/195/31 1179/196/31 1117/197/31 1116/198/31 1118/199/31 1125/200/31 1132/201/31 1133/202/31 1131/203/31 1126/204/31 1124/205/31 1120/206/31 1119/207/31 1129/208/31 1130/209/31 1123/210/31 1122/211/31 1121/212/31 1128/213/31 1127/214/31 1145/215/31 1138/216/31 1137/217/31 1135/218/31 1134/219/31 1136/220/31 1002/221/31 1007/222/31 1008/223/31 1004/224/31 1003/225/31 1005/226/31 1006/227/31
f 1216/228/31 1037/229/31 1038/230/31 1039/231/31 1035/232/31 1034/233/31 1036/234/31 1040/235/31 1032/236/31 1031/237/31 1030/238/31 1033/239/31 1029/240/31 1028/241/31 1209/242/31 1210/243/31 1211/244/31 1206/245/31 1207/246/31 1208/247/31 1204/248/31 1202/249/31 1203/250/31 1213/251/31 1214/252/31 1220/253/31 1219/254/31 1212/255/31 1215/256/31 1205/257/31 1198/258/31 1196/259/31 1197/260/31 1199/261/31 1200/262/31 1193/263/31 1194/264/31 1195/265/31 1201/266/31 1190/267/31 1188/268/31 1189/269/31 1191/270/31 1192/271/31 1187/272/31 200/273/31 1186/274/31 1184/275/31 1183/276/31 1182/277/31 1185/278/31 1180/279/31 1181/280/31 1083/125/31 81/124/31 79/281/31 77/282/31 75/283/31 73/284/31 69/285/31 63/286/31 60/287/31 55/288/31 51/289/31 47/290/31 43/291/31 40/292/31 36/293/31 32/294/31 27/295/31 23/108/31 1174/107/31 1284/296/31 1285/297/31 1283/298/31 1281/299/31 1282/300/31 1289/301/31 1288/302/31 1290/303/31 1291/304/31 1292/304/31 1287/305/31 1286/306/31 202/307/31 1280/308/31 1271/309/31 1273/310/31 1257/311/31 1258/312/31 1263/313/31 1264/314/31 1266/315/31 1265/316/31 1254/317/31 1252/318/31 1253/319/31 1262/320/31 1261/321/31 1259/322/31 1260/323/31 1255/324/31 1256/325/31 1272/326/31 1270/327/31 1279/328/31 199/329/31 1049/330/31 1048/331/31 1053/332/31 1050/333/31 1051/334/31 1047/335/31 1052/336/31 1043/337/31 1044/338/31 1045/339/31 1046/339/31 1041/340/31 1042/341/31 1278/342/31 1277/343/31 1276/344/31 1275/345/31 1274/346/31 1269/347/31 1267/348/31 1268/349/31 1246/350/31 1245/351/31 1247/352/31 1251/353/31 1244/354/31 1243/355/31 1250/356/31 1248/357/31 1249/358/31 1239/359/31 1240/360/31 1242/361/31 1241/362/31 1237/363/31 1238/364/31 1293/365/31 1231/366/31 1230/367/31 1229/368/31 1222/369/31 1224/370/31 1226/371/31 1225/372/31 1223/373/31 1221/374/31 1228/375/31 1227/376/31 1232/377/31 1234/378/31 198/379/31 1233/380/31 1236/381/31 1235/382/31 1218/383/31 1217/384/31
f 98/62/32 99/61/32 101/385/32 100/386/32
f 100/386/33 101/385/33 3/387/33 1/388/33
f 104/389/34 100/390/34 1/391/34 5/392/34 9/393/34 13/394/34 17/395/34 21/396/34 25/397/34 29/398/34 34/399/34 38/400/34 41/401/34 46/402/34 49/403/34 54/404/34 57/405/34 61/406/34 66/407/34 72/408/34 74/409/34 76/410/34 78/411/34 80/412/34 82/413/34 84/414/34 131/415/34 129/416/34 140/417/34 137/418/34 158/419/34 156/420/34 153/421/34 152/422/34 107/423/34 106/424/34 105/425/34 124/426/34 122/427/34 119/428/34 116/429/34 113/430/34 111/431/34 118/432/34 128/433/34 125/434/34 108/435/34 109/436/34 102/437/34 103/438/34
f 133/439/34 131/415/34 84/414/34 86/440/34 88/441/34 90/442/34 92/443/34 94/444/34 96/445/34 98/446/34 100/390/34 104/389/34 147/447/34 149/448/34 141/449/34 143/450/34 145/451/34 135/452/34
f 152/453/35 68/454/35 107/455/35
f 107/455/36 68/454/36 106/456/36
f 106/456/37 68/454/37 105/457/37
f 105/457/38 68/454/38 124/458/38
f 68/454/39 122/459/39 124/458/39
f 68/454/40 119/460/40 122/459/40
f 68/454/41 116/461/41 119/460/41
f 68/454/42 113/462/42 116/461/42
f 113/462/43 68/454/43 111/463/43
f 111/463/44 68/454/44 118/464/44
f 118/464/45 68/454/45 128/465/45
f 128/465/46 68/454/46 125/466/46
f 108/467/47 125/466/47 68/454/47
f 109/468/48 108/467/48 68/454/48
f 102/469/49 109/468/49 68/454/49
f 103/470/50 102/469/50 68/454/50
f 68/454/51 104/471/51 103/470/51
f 68/454/52 147/472/52 104/471/52
f 68/454/53 149/473/53 147/472/53
f 68/454/54 141/474/54 149/473/54
f 143/475/55 141/474/55 68/454/55
f 145/476/56 143/475/56 68/454/56
f 135/477/57 145/476/57 68/454/57
f 133/478/58 135/477/58 68/454/58
f 68/454/59 131/479/59 133/478/59
f 68/454/60 129/480/60 131/479/60
f 68/454/61 140/481/61 129/480/61
f 68/454/62 137/482/62 140/481/62
f 68/454/63 158/483/63 137/482/63
f 68/454/64 156/484/64 158/483/64
f 68/454/65 153/485/65 156/484/65
f 68/454/66 152/453/66 153/485/66
f 2/486/67 280/487/67 736/488/67 281/489/67
f 127/490/68 281/489/68 736/488/68 282/491/68
f 112/492/69 282/491/69 736/488/69 280/487/69
f 19/493/70 283/494/70 737/495/70 284/496/70
f 127/497/71 284/496/71 737/495/71 285/498/71
f 146/499/72 285/498/72 737/495/72 283/494/72
f 166/500/73 286/501/73 738/502/73 287/503/73
f 2/504/74 287/503/74 738/502/74 280/505/74
f 112/506/75 280/505/75 738/502/75 286/501/75
f 180/507/76 288/508/76 739/509/76 289/510/76
f 2/511/77 289/510/77 739/509/77 287/512/77
f 166/513/78 287/512/78 739/509/78 288/508/78
f 180/514/79 289/515/79 740/516/79 290/517/79
f 159/518/80 290/517/80 740/516/80 291/519/80
f 2/520/81 291/519/81 740/516/81 289/515/81
f 212/521/82 292/522/82 741/523/82 293/524/82
f 19/493/83 293/524/83 741/523/83 283/494/83
f 146/499/84 283/494/84 741/523/84 294/525/84
f 214/526/85 294/525/85 741/523/85 295/527/85
f 215/528/86 295/527/86 741/523/86 296/529/86
f 213/530/87 296/529/87 741/523/87 292/522/87
f 218/531/88 297/532/88 742/533/88 298/534/88
f 31/535/89 298/534/89 742/533/89 299/536/89
f 142/537/90 299/536/90 742/533/90 300/538/90
f 219/539/91 300/538/91 742/533/91 301/540/91
f 220/541/92 301/540/92 742/533/92 302/542/92
f 216/543/93 302/542/93 742/533/93 303/544/93
f 217/545/94 303/544/94 742/533/94 297/532/94
f 48/546/95 304/547/95 743/548/95 305/549/95
f 174/550/96 305/549/96 743/548/96 306/551/96
f 223/552/97 306/551/97 743/548/97 307/553/97
f 222/554/98 307/553/98 743/548/98 308/555/98
f 221/556/99 308/555/99 743/548/99 309/557/99
f 225/558/100 309/557/100 743/548/100 310/559/100
f 224/560/101 310/559/101 743/548/101 304/547/101
f 1117/561/102 1179/562/102 311/563/102 744/564/102 312/565/102 1116/566/102
f 52/567/103 312/565/103 744/564/103 313/568/103
f 192/569/104 313/568/104 744/564/104 314/570/104
f 228/571/105 314/570/105 744/564/105 315/572/105
f 229/573/106 315/572/106 744/564/106 316/574/106
f 226/575/107 316/574/107 744/564/107 317/576/107
f 227/577/108 317/576/108 744/564/108 311/563/108
f 65/578/109 318/579/109 745/580/109 319/581/109
f 194/582/110 319/581/110 745/580/110 320/583/110
f 211/584/111 320/583/111 745/580/111 321/585/111
f 233/586/112 321/585/112 745/580/112 322/587/112
f 230/588/113 322/587/113 745/580/113 323/589/113
f 231/590/114 323/589/114 745/580/114 324/591/114
f 232/592/115 324/591/115 745/580/115 318/579/115
f 234/593/116 325/594/116 746/595/116 326/596/116
f 206/597/117 326/596/117 746/595/117 327/598/117
f 235/599/118 327/598/118 746/595/118 325/594/118
f 19/493/119 328/600/119 747/601/119 293/524/119
f 293/524/120 747/601/120 329/602/120 212/521/120
f 747/601/121 330/603/121 236/604/121 329/602/121
f 328/600/122 237/605/122 330/603/122 747/601/122
f 1212/606/123 238/607/123 331/608/123 748/609/123 1215/610/123
f 748/609/124 332/611/124 1198/612/124 1205/613/124 1215/610/124
f 31/535/125 332/611/125 748/609/125 298/534/125
f 218/531/126 298/534/126 748/609/126 333/614/126
f 240/615/127 333/614/127 748/609/127 334/616/127
f 239/617/128 334/616/128 748/609/128 331/608/128
f 48/546/129 335/618/129 749/619/129 304/547/129
f 224/560/130 304/547/130 749/619/130 336/620/130
f 241/621/131 336/620/131 749/619/131 337/622/131
f 1093/623/132 242/624/132 337/622/132 749/619/132 1094/625/132
f 749/619/133 338/626/133 245/627/133 1092/628/133 1094/625/133
f 243/629/134 338/626/134 749/619/134 339/630/134
f 244/631/135 339/630/135 749/619/135 335/618/135
f 248/632/136 340/633/136 750/634/136 341/635/136
f 249/636/137 341/635/137 750/634/137 342/637/137
f 52/567/138 342/637/138 750/634/138 312/565/138
f 312/565/139 750/634/139 1125/638/139 1118/639/139 1116/566/139
f 246/640/140 1132/641/140 1125/638/140 750/634/140 343/642/140
f 247/643/141 343/642/141 750/634/141 340/633/141
f 65/578/142 344/644/142 751/645/142 318/579/142
f 318/579/143 751/645/143 345/646/143 232/592/143
f 751/645/144 346/647/144 250/648/144 345/646/144
f 344/644/145 251/649/145 346/647/145 751/645/145
f 211/584/146 321/585/146 752/650/146 347/651/146
f 252/652/147 347/651/147 752/650/147 348/653/147
f 233/586/148 348/653/148 752/650/148 321/585/148
f 1158/654/149 347/651/149 252/652/149 1156/655/149 1155/656/149
f 1161/657/150 211/584/150 347/651/150 1158/654/150 1160/658/150
f 211/584/151 1161/657/151 1150/659/151 1148/660/151
f 1133/661/152 1132/641/152 246/640/152 1131/662/152
f 1113/663/153 1092/628/153 245/627/153 1114/664/153
f 242/624/154 1093/623/154 1109/665/154 1108/666/154
f 1220/667/155 238/607/155 1212/606/155 1219/668/155
f 1231/669/156 1293/670/156 206/597/156 1230/671/156
f 326/596/157 206/597/157 1293/670/157 1238/672/157 1237/673/157
f 1242/674/158 234/593/158 326/596/158 1237/673/158 1241/675/158
f 349/676/159 211/584/159 1148/660/159 1149/677/159 1144/678/159
f 1144/678/160 1143/679/160 349/676/160
f 211/584/161 349/676/161 753/680/161 320/583/161
f 194/582/162 320/583/162 753/680/162 350/681/162
f 255/682/163 350/681/163 753/680/163 351/683/163
f 254/684/164 351/683/164 753/680/164 352/685/164
f 253/686/165 352/685/165 753/680/165 353/687/165
f 1140/688/166 353/687/166 753/680/166 349/676/166 1143/679/166 1139/689/166
f 194/582/167 350/681/167 754/690/167 354/691/167
f 52/567/168 354/691/168 754/690/168 342/637/168
f 249/636/169 342/637/169 754/690/169 355/692/169
f 257/693/170 355/692/170 754/690/170 356/694/170
f 256/695/171 356/694/171 754/690/171 357/696/171
f 258/697/172 357/696/172 754/690/172 358/698/172
f 255/682/173 358/698/173 754/690/173 350/681/173
f 1103/699/174 755/700/174 311/563/174 1179/562/174 1105/701/174
f 227/577/175 311/563/175 755/700/175 359/702/175
f 359/702/176 755/700/176 1103/699/176 1101/703/176 1100/704/176
f 259/705/177 360/706/177 756/707/177 361/708/177
f 361/708/178 756/707/178 314/570/178 228/571/178
f 756/707/179 362/709/179 192/569/179 314/570/179
f 360/706/180 260/710/180 362/709/180 756/707/180
f 192/569/181 362/709/181 757/711/181 363/712/181
f 48/546/182 363/712/182 757/711/182 335/618/182
f 244/631/183 335/618/183 757/711/183 364/713/183
f 261/714/184 364/713/184 757/711/184 365/715/184
f 263/716/185 365/715/185 757/711/185 366/717/185
f 262/718/186 366/717/186 757/711/186 367/719/186
f 260/710/187 367/719/187 757/711/187 362/709/187
f 758/720/188 368/721/188 1194/722/188 1193/723/188 1200/724/188
f 264/725/189 368/721/189 758/720/189 369/726/189
f 758/720/190 1200/724/190 1199/727/190 1197/728/190 369/726/190
f 265/729/191 370/730/191 759/731/191 371/732/191
f 371/732/192 759/731/192 306/551/192 223/552/192
f 759/731/193 372/733/193 174/550/193 306/551/193
f 370/730/194 266/734/194 372/733/194 759/731/194
f 266/734/195 373/735/195 760/736/195 372/733/195
f 174/550/196 372/733/196 760/736/196 374/737/196
f 31/738/197 374/737/197 760/736/197 332/739/197
f 332/739/198 760/736/198 369/726/198 1197/728/198 1196/740/198 1198/741/198
f 264/725/199 369/726/199 760/736/199 375/742/199
f 267/743/200 375/742/200 760/736/200 376/744/200
f 268/745/201 376/744/201 760/736/201 373/735/201
f 377/746/202 1224/747/202 1222/748/202
f 1230/671/203 206/597/203 377/746/203 1222/748/203 1229/749/203
f 219/539/204 378/750/204 761/751/204 300/538/204
f 142/537/205 300/538/205 761/751/205 379/752/205
f 206/597/206 379/752/206 761/751/206 377/746/206
f 377/746/207 761/751/207 380/753/207 1225/754/207 1226/755/207 1224/747/207
f 269/756/208 380/753/208 761/751/208 381/757/208
f 270/758/209 381/757/209 761/751/209 378/750/209
f 235/599/210 382/759/210 762/760/210 327/598/210
f 206/597/211 327/598/211 762/760/211 379/752/211
f 142/537/212 379/752/212 762/760/212 383/761/212
f 19/493/213 383/761/213 762/760/213 328/600/213
f 237/605/214 328/600/214 762/760/214 384/762/214
f 272/763/215 384/762/215 762/760/215 385/764/215
f 271/765/216 385/764/216 762/760/216 382/759/216
f 386/766/217 1253/767/217 1252/768/217
f 386/766/218 1252/768/218 1254/769/218
f 277/770/219 387/771/219 763/772/219 388/773/219
f 388/773/220 763/772/220 386/766/220 1254/769/220 1265/774/220 1266/775/220
f 386/766/221 763/772/221 389/776/221 1261/777/221 1262/778/221 1253/767/221
f 274/779/222 389/776/222 763/772/222 390/780/222
f 273/781/223 390/780/223 763/772/223 391/782/223
f 214/526/224 391/782/224 763/772/224 294/525/224
f 146/499/225 294/525/225 763/772/225 392/783/225
f 275/784/226 392/783/226 763/772/226 393/785/226
f 276/786/227 393/785/227 763/772/227 387/771/227
f 275/784/228 394/787/228 764/788/228 392/783/228
f 146/499/229 392/783/229 764/788/229 395/789/229
f 65/578/230 395/789/230 764/788/230 344/644/230
f 251/649/231 344/644/231 764/788/231 396/790/231
f 279/791/232 396/790/232 764/788/232 397/792/232
f 278/793/233 397/792/233 764/788/233 394/787/233
f 194/582/234 398/794/234 765/795/234 319/581/234
f 65/578/235 319/581/235 765/795/235 399/796/235
f 159/518/236 399/796/236 765/795/236 398/794/236
f 194/582/237 400/797/237 766/798/237 398/794/237
f 159/518/238 398/794/238 766/798/238 290/517/238
f 180/514/239 290/517/239 766/798/239 400/797/239
f 52/567/240 401/799/240 767/800/240 354/691/240
f 194/582/241 354/691/241 767/800/241 400/797/241
f 180/514/242 400/797/242 767/800/242 401/799/242
f 52/567/243 313/568/243 768/801/243 401/802/243
f 180/507/244 401/802/244 768/801/244 402/803/244
f 192/569/245 402/803/245 768/801/245 313/568/245
f 192/569/246 403/804/246 769/805/246 402/803/246
f 180/507/247 402/803/247 769/805/247 288/508/247
f 166/513/248 288/508/248 769/805/248 403/804/248
f 48/546/249 404/806/249 770/807/249 363/712/249
f 192/569/250 363/712/250 770/807/250 403/804/250
f 166/513/251 403/804/251 770/807/251 404/806/251
f 174/550/252 405/808/252 771/809/252 305/549/252
f 48/546/253 305/549/253 771/809/253 404/810/253
f 166/500/254 404/810/254 771/809/254 405/808/254
f 166/500/255 405/808/255 772/811/255 286/501/255
f 112/506/256 286/501/256 772/811/256 406/812/256
f 174/550/257 406/812/257 772/811/257 405/808/257
f 174/550/258 374/737/258 773/813/258 406/812/258
f 112/506/259 406/812/259 773/813/259 407/814/259
f 31/738/260 407/814/260 773/813/260 374/737/260
f 146/499/261 395/789/261 774/815/261 408/816/261
f 159/817/262 408/816/262 774/815/262 399/818/262
f 65/578/263 399/818/263 774/815/263 395/789/263
f 159/817/264 409/819/264 775/820/264 408/816/264
f 146/499/265 408/816/265 775/820/265 285/498/265
f 127/497/266 285/498/266 775/820/266 409/819/266
f 2/821/267 281/822/267 776/823/267 291/824/267
f 159/817/268 291/824/268 776/823/268 409/819/268
f 127/497/269 409/819/269 776/823/269 281/822/269
f 31/535/270 299/536/270 777/825/270 407/826/270
f 112/492/271 407/826/271 777/825/271 410/827/271
f 142/537/272 410/827/272 777/825/272 299/536/272
f 112/492/273 410/827/273 778/828/273 282/491/273
f 127/490/274 282/491/274 778/828/274 411/829/274
f 142/537/275 411/829/275 778/828/275 410/827/275
f 127/490/276 411/829/276 779/830/276 284/831/276
f 19/493/277 284/831/277 779/830/277 383/761/277
f 142/537/278 383/761/278 779/830/278 411/829/278
f 8/486/279 412/487/279 780/832/279 413/489/279
f 134/490/280 413/489/280 780/832/280 414/833/280
f 120/492/281 414/833/281 780/832/281 412/487/281
f 22/493/282 415/834/282 781/835/282 416/496/282
f 134/497/283 416/496/283 781/835/283 417/836/283
f 154/837/284 417/836/284 781/835/284 415/834/284
f 170/500/285 418/838/285 782/502/285 419/503/285
f 8/504/286 419/503/286 782/502/286 412/505/286
f 120/506/287 412/505/287 782/502/287 418/838/287
f 185/507/76 420/508/76 783/509/76 421/510/76
f 8/511/77 421/510/77 783/509/77 419/512/77
f 170/513/78 419/512/78 783/509/78 420/508/78
f 185/514/79 421/515/79 784/516/79 422/517/79
f 164/518/80 422/517/80 784/516/80 423/519/80
f 8/520/81 423/519/81 784/516/81 421/515/81
f 424/839/288 785/840/288 425/841/288 1146/842/288 1147/843/288
f 22/493/289 425/841/289 785/840/289 415/834/289
f 154/837/290 415/834/290 785/840/290 424/839/290
f 207/844/291 426/845/291 786/846/291 427/847/291
f 39/546/292 427/847/292 786/846/292 428/848/292
f 179/849/293 428/848/293 786/846/293 426/845/293
f 1137/850/294 429/851/294 787/852/294 430/853/294 1134/854/294 1135/855/294
f 58/567/295 430/853/295 787/852/295 431/856/295
f 189/857/296 431/856/296 787/852/296 429/851/296
f 1009/858/297 1010/858/297 432/859/297 788/860/297 433/861/297 1014/858/297
f 62/578/298 433/861/298 788/860/298 434/862/298
f 195/863/299 434/862/299 788/860/299 432/859/299
f 22/493/300 435/864/300 789/865/300 425/841/300
f 425/841/301 789/865/301 1142/866/301 1146/842/301
f 789/865/302 353/867/302 1140/868/302 1141/869/302 1142/866/302
f 435/864/303 253/870/303 353/867/303 789/865/303
f 1129/871/304 207/844/304 427/847/304 790/872/304 1130/873/304
f 1130/873/305 790/872/305 436/874/305 1122/875/305 1123/876/305
f 39/546/306 436/874/306 790/872/306 427/847/306
f 430/853/307 791/877/307 1002/878/307 1136/879/307 1134/854/307
f 791/877/308 437/880/308 1008/881/308 1007/882/308 1002/878/308
f 58/567/309 437/880/309 791/877/309 430/853/309
f 792/883/310 438/884/310 205/885/310 1012/886/310
f 62/578/311 438/884/311 792/883/311 433/861/311
f 433/861/312 792/883/312 1012/886/312 1013/858/312 1014/858/312
f 1119/887/313 207/844/313 1129/871/313
f 207/844/314 1119/887/314 1120/888/314
f 439/889/315 1011/890/315 1006/891/315
f 439/889/316 1006/891/316 1005/892/316
f 440/893/317 793/894/317 439/889/317 1005/892/317 1003/895/317
f 439/889/318 793/894/318 432/859/318 1010/858/318 1011/890/318
f 195/863/319 432/859/319 793/894/319 440/893/319
f 1004/896/320 1008/881/320 437/880/320 794/897/320 440/893/320 1003/895/320
f 195/863/321 440/893/321 794/897/321 441/898/321
f 58/567/322 441/898/322 794/897/322 437/880/322
f 442/899/323 1138/900/323 1145/901/323
f 442/899/324 1145/901/324 1127/902/324
f 443/903/325 795/904/325 442/899/325 1127/902/325 1128/905/325
f 442/899/326 795/904/326 429/851/326 1137/850/326 1138/900/326
f 189/857/327 429/851/327 795/904/327 443/903/327
f 1121/875/328 1122/875/328 436/874/328 796/906/328 443/903/328 1128/905/328
f 189/857/329 443/903/329 796/906/329 444/907/329
f 39/546/330 444/907/330 796/906/330 436/874/330
f 445/908/331 207/844/331 1120/888/331 1124/909/331
f 246/910/332 445/908/332 1124/909/332 1126/911/332 1131/912/332
f 207/844/333 445/908/333 797/913/333 426/845/333
f 426/845/334 797/913/334 446/914/334 179/849/334
f 797/913/335 343/915/335 247/916/335 446/914/335
f 445/908/336 246/910/336 343/915/336 797/913/336
f 247/916/337 340/917/337 798/918/337 446/914/337
f 179/849/338 446/914/338 798/918/338 447/919/338
f 248/920/339 447/919/339 798/918/339 340/917/339
f 22/493/340 448/921/340 799/922/340 435/864/340
f 253/870/341 435/864/341 799/922/341 352/923/341
f 254/924/342 352/923/342 799/922/342 448/921/342
f 449/925/343 1151/926/343 1178/927/343
f 449/925/344 1178/927/344 205/885/344
f 1151/926/345 449/925/345 800/928/345 424/839/345 1147/843/345
f 154/837/346 424/839/346 800/928/346 450/929/346
f 449/925/347 205/885/347 450/929/347 800/928/347
f 450/929/348 205/885/348 438/884/348 801/930/348
f 154/837/349 450/929/349 801/930/349 451/931/349
f 62/578/350 451/931/350 801/930/350 438/884/350
f 195/863/351 452/932/351 802/933/351 434/862/351
f 62/578/352 434/862/352 802/933/352 453/796/352
f 164/518/353 453/796/353 802/933/353 452/932/353
f 195/863/354 454/934/354 803/935/354 452/932/354
f 164/518/355 452/932/355 803/935/355 422/517/355
f 185/514/356 422/517/356 803/935/356 454/934/356
f 58/567/357 455/799/357 804/936/357 441/898/357
f 195/863/358 441/898/358 804/936/358 454/934/358
f 185/514/359 454/934/359 804/936/359 455/799/359
f 58/567/360 431/856/360 805/937/360 455/802/360
f 185/507/361 455/802/361 805/937/361 456/938/361
f 189/857/362 456/938/362 805/937/362 431/856/362
f 189/857/363 457/939/363 806/940/363 456/938/363
f 185/507/364 456/938/364 806/940/364 420/508/364
f 170/513/365 420/508/365 806/940/365 457/939/365
f 39/546/366 458/806/366 807/941/366 444/907/366
f 189/857/367 444/907/367 807/941/367 457/939/367
f 170/513/368 457/939/368 807/941/368 458/806/368
f 179/849/369 459/942/369 808/943/369 428/848/369
f 39/546/370 428/848/370 808/943/370 458/810/370
f 170/500/371 458/810/371 808/943/371 459/942/371
f 170/500/372 459/942/372 809/944/372 418/838/372
f 120/506/373 418/838/373 809/944/373 460/945/373
f 179/849/374 460/945/374 809/944/374 459/942/374
f 179/849/375 447/919/375 810/946/375 460/945/375
f 120/506/376 460/945/376 810/946/376 461/947/376
f 257/948/377 461/947/377 810/946/377 355/949/377
f 249/950/378 355/949/378 810/946/378 341/951/378
f 248/920/379 341/951/379 810/946/379 447/919/379
f 154/837/380 451/931/380 811/952/380 462/953/380
f 164/817/381 462/953/381 811/952/381 453/818/381
f 62/578/382 453/818/382 811/952/382 451/931/382
f 164/817/383 463/819/383 812/954/383 462/953/383
f 154/837/384 462/953/384 812/954/384 417/836/384
f 134/497/385 417/836/385 812/954/385 463/819/385
f 8/821/386 413/822/386 813/823/386 423/824/386
f 164/817/387 423/824/387 813/823/387 463/819/387
f 134/497/388 463/819/388 813/823/388 413/822/388
f 120/492/389 461/955/389 814/956/389 464/957/389
f 256/958/390 464/957/390 814/956/390 356/959/390
f 257/960/391 356/959/391 814/956/391 461/955/391
f 120/492/392 464/957/392 815/961/392 414/833/392
f 414/833/393 815/961/393 465/962/393 134/490/393
f 815/961/394 357/963/394 258/964/394 465/962/394
f 464/957/395 256/958/395 357/963/395 815/961/395
f 258/964/396 358/965/396 816/966/396 465/962/396
f 134/490/397 465/962/397 816/966/397 416/831/397
f 22/493/398 416/831/398 816/966/398 448/921/398
f 254/924/399 448/921/399 816/966/399 351/967/399
f 255/968/400 351/967/400 816/966/400 358/965/400
f 4/486/67 466/487/67 817/488/67 467/489/67
f 136/490/68 467/489/68 817/488/68 468/491/68
f 121/492/69 468/491/69 817/488/69 466/487/69
f 18/493/401 469/969/401 818/835/401 470/496/401
f 136/497/402 470/496/402 818/835/402 471/836/402
f 150/837/403 471/836/403 818/835/403 469/969/403
f 169/500/73 472/501/73 819/502/73 473/503/73
f 4/504/74 473/503/74 819/502/74 466/505/74
f 121/506/75 466/505/75 819/502/75 472/501/75
f 184/507/404 474/970/404 820/509/404 475/510/404
f 4/511/405 475/510/405 820/509/405 473/512/405
f 169/513/406 473/512/406 820/509/406 474/970/406
f 184/514/407 475/515/407 821/971/407 476/972/407
f 161/518/408 476/972/408 821/971/408 477/519/408
f 4/520/409 477/519/409 821/971/409 475/515/409
f 198/973/410 478/974/410 822/975/410 479/976/410
f 18/493/411 479/976/411 822/975/411 469/969/411
f 150/837/412 469/969/412 822/975/412 478/974/412
f 480/977/413 823/978/413 481/979/413 1034/980/413 1035/981/413 1039/982/413
f 33/535/414 481/979/414 823/978/414 482/983/414
f 144/984/415 482/983/415 823/978/415 480/977/415
f 1210/985/416 483/986/416 824/987/416 484/988/416 1206/989/416 1211/985/416
f 45/546/417 484/988/417 824/987/417 485/990/417
f 177/991/418 485/990/418 824/987/418 483/986/418
f 239/992/419 486/993/419 825/994/419 334/995/419
f 240/996/420 334/995/420 825/994/420 487/997/420
f 187/998/421 487/997/421 825/994/421 486/993/421
f 70/578/422 488/999/422 826/1000/422 489/1001/422
f 270/1002/423 489/1001/423 826/1000/423 381/1003/423
f 269/1004/424 381/1003/424 826/1000/424 488/999/424
f 827/1005/425 490/1006/425 1235/1007/425 1236/1008/425 1233/1009/425
f 18/493/426 490/1006/426 827/1005/426 479/976/426
f 827/1005/427 1233/1009/427 198/973/427 479/976/427
f 828/1010/428 491/611/428 1031/1011/428 1032/1012/428 1040/1013/428
f 33/535/429 491/611/429 828/1010/429 481/979/429
f 1034/980/430 481/979/430 828/1010/430 1040/1013/430 1036/1014/430
f 484/988/431 829/1015/431 1208/1016/431 1207/1017/431 1206/989/431
f 829/1015/432 492/1018/432 209/1019/432 1204/1020/432 1208/1016/432
f 45/546/433 492/1018/433 829/1015/433 484/988/433
f 269/1004/434 488/999/434 830/1021/434 380/1022/434
f 380/1022/435 830/1021/435 1221/1023/435 1223/1024/435 1225/1025/435
f 830/1021/436 493/1026/436 1228/1027/436 1221/1023/436
f 488/999/437 70/578/437 493/1026/437 830/1021/437
f 1202/1028/438 209/1019/438 1203/1029/438
f 1204/1020/439 209/1019/439 1202/1028/439
f 1213/1030/440 494/1031/440 238/1032/440 1220/1033/440 1214/1034/440
f 1203/1029/441 209/1019/441 494/1031/441 1213/1030/441
f 209/1019/442 495/1035/442 831/1036/442 494/1031/442
f 494/1031/443 831/1036/443 331/1037/443 238/1032/443
f 831/1036/444 486/993/444 239/992/444 331/1037/444
f 495/1035/445 187/998/445 486/993/445 831/1036/445
f 209/1019/446 492/1018/446 832/1038/446 495/1035/446
f 187/998/447 495/1035/447 832/1038/447 496/1039/447
f 45/546/448 496/1039/448 832/1038/448 492/1018/448
f 1028/1040/449 497/1041/449 1209/1042/449
f 497/1041/450 1028/1040/450 1029/1043/450
f 498/1044/451 833/1045/451 497/1041/451 1029/1043/451 1033/1046/451
f 497/1041/452 833/1045/452 483/986/452 1210/985/452 1209/1042/452
f 177/991/453 483/986/453 833/1045/453 498/1044/453
f 491/739/454 834/1047/454 498/1044/454 1033/1046/454 1030/1048/454 1031/1048/454
f 177/991/455 498/1044/455 834/1047/455 499/1049/455
f 33/738/456 499/1049/456 834/1047/456 491/739/456
f 500/1050/457 1038/1051/457 1037/1052/457
f 1216/1053/458 500/1050/458 1037/1052/458
f 1038/1051/459 500/1050/459 835/1054/459 480/977/459 1039/982/459
f 144/984/460 480/977/460 835/1054/460 501/1055/460
f 1217/1056/461 501/1055/461 835/1054/461 500/1050/461 1216/1053/461
f 490/1006/462 836/1057/462 501/1055/462 1217/1056/462 1218/1058/462 1235/1007/462
f 144/984/463 501/1055/463 836/1057/463 502/1059/463
f 18/493/464 502/1059/464 836/1057/464 490/1006/464
f 198/973/465 1234/1060/465 503/1061/465
f 1234/1060/466 1232/1062/466 503/1061/466
f 198/973/467 503/1061/467 837/1063/467 478/974/467
f 150/837/468 478/974/468 837/1063/468 504/1064/468
f 1227/1065/469 504/1064/469 837/1063/469 503/1061/469 1232/1062/469
f 493/1026/470 838/1066/470 504/1064/470 1227/1065/470 1228/1027/470
f 150/837/471 504/1064/471 838/1066/471 505/1067/471
f 70/578/472 505/1067/472 838/1066/472 493/1026/472
f 270/1002/473 378/1068/473 839/1069/473 489/1001/473
f 70/578/474 489/1001/474 839/1069/474 506/796/474
f 161/518/475 506/796/475 839/1069/475 507/1070/475
f 220/1071/476 507/1070/476 839/1069/476 301/1072/476
f 219/1073/477 301/1072/477 839/1069/477 378/1068/477
f 161/518/478 507/1070/478 840/1074/478 476/972/478
f 476/972/479 840/1074/479 508/1075/479 184/514/479
f 840/1074/480 302/1076/480 216/1077/480 508/1075/480
f 507/1070/481 220/1071/481 302/1076/481 840/1074/481
f 184/514/482 508/1075/482 841/1078/482 509/1079/482
f 217/1080/483 509/1079/483 841/1078/483 303/1081/483
f 216/1077/484 303/1081/484 841/1078/484 508/1075/484
f 184/507/485 509/1082/485 842/1083/485 510/1084/485
f 187/998/486 510/1084/486 842/1083/486 487/997/486
f 240/996/487 487/997/487 842/1083/487 333/1085/487
f 218/1086/488 333/1085/488 842/1083/488 297/1087/488
f 217/1088/489 297/1087/489 842/1083/489 509/1082/489
f 187/998/490 511/1089/490 843/1090/490 510/1084/490
f 184/507/491 510/1084/491 843/1090/491 474/970/491
f 169/513/492 474/970/492 843/1090/492 511/1089/492
f 45/546/493 512/806/493 844/1091/493 496/1039/493
f 187/998/494 496/1039/494 844/1091/494 511/1089/494
f 169/513/495 511/1089/495 844/1091/495 512/806/495
f 177/991/496 513/1092/496 845/1093/496 485/990/496
f 45/546/497 485/990/497 845/1093/497 512/810/497
f 169/500/498 512/810/498 845/1093/498 513/1092/498
f 169/500/499 513/1092/499 846/1094/499 472/501/499
f 121/506/500 472/501/500 846/1094/500 514/1095/500
f 177/991/501 514/1095/501 846/1094/501 513/1092/501
f 177/991/502 499/1049/502 847/1096/502 514/1095/502
f 121/506/503 514/1095/503 847/1096/503 515/814/503
f 33/738/504 515/814/504 847/1096/504 499/1049/504
f 150/837/505 505/1067/505 848/952/505 516/953/505
f 161/817/506 516/953/506 848/952/506 506/818/506
f 70/578/507 506/818/507 848/952/507 505/1067/507
f 161/817/508 517/819/508 849/954/508 516/953/508
f 150/837/509 516/953/509 849/954/509 471/836/509
f 136/497/510 471/836/510 849/954/510 517/819/510
f 4/821/511 467/822/511 850/823/511 477/824/511
f 161/817/512 477/824/512 850/823/512 517/819/512
f 136/497/513 517/819/513 850/823/513 467/822/513
f 33/535/514 482/983/514 851/1097/514 515/826/514
f 121/492/515 515/826/515 851/1097/515 518/1098/515
f 144/984/516 518/1098/516 851/1097/516 482/983/516
f 121/492/517 518/1098/517 852/1099/517 468/491/517
f 136/490/518 468/491/518 852/1099/518 519/1100/518
f 144/984/519 519/1100/519 852/1099/519 518/1098/519
f 136/490/520 519/1100/520 853/1101/520 470/831/520
f 18/493/521 470/831/521 853/1101/521 502/1059/521
f 144/984/522 502/1059/522 853/1101/522 519/1100/522
f 117/492/523 520/1102/523 854/1103/523 521/487/523
f 10/486/524 521/487/524 854/1103/524 522/489/524
f 132/490/525 522/489/525 854/1103/525 520/1102/525
f 16/493/526 523/969/526 855/835/526 524/496/526
f 132/497/527 524/496/527 855/835/527 525/836/527
f 155/837/528 525/836/528 855/835/528 523/969/528
f 171/500/529 526/501/529 856/502/529 527/503/529
f 10/504/530 527/503/530 856/502/530 521/505/530
f 117/506/531 521/505/531 856/502/531 526/501/531
f 171/513/532 527/512/532 857/1104/532 528/1105/532
f 186/507/533 528/1105/533 857/1104/533 529/510/533
f 10/511/534 529/510/534 857/1104/534 527/512/534
f 186/514/535 529/515/535 858/1106/535 530/1107/535
f 165/518/536 530/1107/536 858/1106/536 531/519/536
f 10/520/537 531/519/537 858/1106/537 529/515/537
f 533/976/538 200/973/538 532/974/538 859/975/538
f 16/493/539 533/976/539 859/975/539 523/969/539
f 155/837/540 523/969/540 859/975/540 532/974/540
f 1065/1108/541 534/977/541 860/978/541 535/979/541 1061/980/541 1062/981/541
f 35/535/542 535/979/542 860/978/542 536/983/542
f 139/984/543 536/983/543 860/978/543 534/977/543
f 1068/985/544 1069/1109/544 537/986/544 861/987/544 538/988/544 1074/989/544
f 50/546/545 538/988/545 861/987/545 539/990/545
f 178/991/546 539/990/546 861/987/546 537/986/546
f 224/1110/547 336/1111/547 862/1112/547 310/1113/547
f 310/1113/548 862/1112/548 540/1114/548 225/1115/548
f 862/1112/549 541/1116/549 193/1117/549 540/1114/549
f 336/1111/550 241/1118/550 541/1116/550 862/1112/550
f 267/1119/551 376/1120/551 863/1121/551 542/1122/551
f 64/578/552 542/1122/552 863/1121/552 543/1123/552
f 268/1124/553 543/1123/553 863/1121/553 376/1120/553
f 864/1005/554 544/1006/554 1183/1125/554 1184/1008/554 1186/1009/554
f 16/493/555 544/1006/555 864/1005/555 533/976/555
f 864/1005/556 1186/1009/556 200/973/556 533/976/556
f 535/979/557 865/1126/557 1058/1127/557 1063/1014/557 1061/980/557
f 865/1126/558 545/611/558 1054/1128/558 1055/1012/558 1058/1127/558
f 35/535/559 545/611/559 865/1126/559 535/979/559
f 538/988/560 866/1129/560 1081/1130/560 1072/1017/560 1074/989/560
f 866/1129/561 546/1131/561 210/1132/561 1085/1133/561 1081/1130/561
f 50/546/562 546/1131/562 866/1129/562 538/988/562
f 368/1134/563 867/1135/563 1201/1136/563 1195/1137/563 1194/1138/563
f 867/1135/564 547/1139/564 203/1140/564 1190/1141/564 1201/1136/564
f 64/578/565 547/1139/565 867/1135/565 542/1122/565
f 267/1119/566 542/1122/566 867/1135/566 375/1142/566
f 264/1143/567 375/1142/567 867/1135/567 368/1134/567
f 1189/1144/568 203/1140/568 1191/1145/568
f 1188/1146/569 1190/1141/569 203/1140/569 1189/1144/569
f 210/1132/570 1086/1147/570 1087/1148/570
f 1085/1133/571 210/1132/571 1087/1148/571
f 1110/1149/572 548/1150/572 242/1151/572 1108/1152/572 1107/1153/572
f 1086/1147/573 210/1132/573 548/1150/573 1110/1149/573 1089/1154/573
f 210/1132/574 549/1155/574 868/1156/574 548/1150/574
f 548/1150/575 868/1156/575 337/1157/575 242/1151/575
f 868/1156/576 541/1116/576 241/1118/576 337/1157/576
f 549/1155/577 193/1117/577 541/1116/577 868/1156/577
f 210/1132/578 546/1131/578 869/1158/578 549/1155/578
f 193/1117/579 549/1155/579 869/1158/579 550/1159/579
f 50/546/580 550/1159/580 869/1158/580 546/1131/580
f 551/1041/581 1066/1160/581 1059/1161/581
f 551/1041/582 1059/1161/582 1057/1162/582
f 552/1044/583 870/1045/583 551/1041/583 1057/1162/583 1060/1163/583
f 551/1041/584 870/1045/584 537/986/584 1069/1109/584 1066/1160/584
f 178/991/585 537/986/585 870/1045/585 552/1044/585
f 1056/1163/586 1054/1164/586 545/739/586 871/1047/586 552/1044/586 1060/1163/586
f 178/991/587 552/1044/587 871/1047/587 553/1049/587
f 35/738/588 553/1049/588 871/1047/588 545/739/588
f 1181/1052/589 554/1050/589 1064/1165/589 1083/1166/589
f 1181/1052/590 1180/1167/590 554/1050/590
f 554/1050/591 872/1054/591 534/977/591 1065/1108/591 1064/1165/591
f 139/984/592 534/977/592 872/1054/592 555/1055/592
f 1185/1168/593 555/1055/593 872/1054/593 554/1050/593 1180/1167/593
f 544/1006/594 873/1057/594 555/1055/594 1185/1168/594 1182/1168/594 1183/1125/594
f 139/984/595 555/1055/595 873/1057/595 556/1059/595
f 16/493/596 556/1059/596 873/1057/596 544/1006/596
f 557/1169/597 200/973/597 1187/1170/597
f 1191/1145/598 203/1140/598 557/1169/598 1187/1170/598 1192/1171/598
f 200/973/599 557/1169/599 874/1172/599 532/974/599
f 155/837/600 532/974/600 874/1172/600 558/1173/600
f 203/1140/601 558/1173/601 874/1172/601 557/1169/601
f 203/1140/602 547/1139/602 875/1174/602 558/1173/602
f 155/837/603 558/1173/603 875/1174/603 559/1175/603
f 64/578/604 559/1175/604 875/1174/604 547/1139/604
f 268/1124/605 373/1176/605 876/1177/605 543/1123/605
f 64/578/606 543/1123/606 876/1177/606 560/796/606
f 165/518/607 560/796/607 876/1177/607 561/1178/607
f 265/1179/608 561/1178/608 876/1177/608 370/1180/608
f 266/1181/609 370/1180/609 876/1177/609 373/1176/609
f 265/1179/610 371/1182/610 877/1183/610 561/1178/610
f 165/518/611 561/1178/611 877/1183/611 530/1107/611
f 186/514/612 530/1107/612 877/1183/612 562/1184/612
f 222/1185/613 562/1184/613 877/1183/613 307/1186/613
f 223/1187/614 307/1186/614 877/1183/614 371/1182/614
f 221/1188/615 563/1189/615 878/1190/615 308/1191/615
f 222/1185/616 308/1191/616 878/1190/616 562/1184/616
f 186/514/617 562/1184/617 878/1190/617 563/1189/617
f 186/507/618 563/1192/618 879/1193/618 564/1194/618
f 564/1194/619 879/1193/619 540/1114/619 193/1117/619
f 879/1193/620 309/1195/620 225/1115/620 540/1114/620
f 563/1192/621 221/1196/621 309/1195/621 879/1193/621
f 193/1117/622 565/1197/622 880/1198/622 564/1194/622
f 186/507/623 564/1194/623 880/1198/623 528/1105/623
f 171/513/624 528/1105/624 880/1198/624 565/1197/624
f 50/546/625 566/806/625 881/1199/625 550/1159/625
f 193/1117/626 550/1159/626 881/1199/626 565/1197/626
f 171/513/627 565/1197/627 881/1199/627 566/806/627
f 50/546/628 539/990/628 882/1200/628 566/810/628
f 171/500/629 566/810/629 882/1200/629 567/1201/629
f 178/991/630 567/1201/630 882/1200/630 539/990/630
f 178/991/631 568/1202/631 883/1203/631 567/1201/631
f 171/500/632 567/1201/632 883/1203/632 526/501/632
f 117/506/633 526/501/633 883/1203/633 568/1202/633
f 35/738/634 569/1204/634 884/1205/634 553/1049/634
f 178/991/635 553/1049/635 884/1205/635 568/1202/635
f 117/506/636 568/1202/636 884/1205/636 569/1204/636
f 165/817/637 570/1206/637 885/1207/637 560/818/637
f 64/578/638 560/818/638 885/1207/638 559/1175/638
f 155/837/639 559/1175/639 885/1207/639 570/1206/639
f 132/497/640 525/836/640 886/954/640 571/819/640
f 165/817/641 571/819/641 886/954/641 570/1206/641
f 155/837/642 570/1206/642 886/954/642 525/836/642
f 10/821/643 522/822/643 887/823/643 531/824/643
f 165/817/644 531/824/644 887/823/644 571/819/644
f 132/497/645 571/819/645 887/823/645 522/822/645
f 35/535/646 536/983/646 888/1097/646 569/826/646
f 117/492/647 569/826/647 888/1097/647 572/1098/647
f 139/984/648 572/1098/648 888/1097/648 536/983/648
f 117/492/649 572/1098/649 889/1099/649 520/1102/649
f 132/490/650 520/1102/650 889/1099/650 573/1100/650
f 139/984/651 573/1100/651 889/1099/651 572/1098/651
f 16/493/652 524/1208/652 890/1101/652 556/1059/652
f 139/984/653 556/1059/653 890/1101/653 573/1100/653
f 132/490/654 573/1100/654 890/1101/654 524/1208/654
f 114/492/655 574/1209/655 891/1210/655 575/487/655
f 14/486/656 575/487/656 891/1210/656 576/489/656
f 126/490/657 576/489/657 891/1210/657 574/1209/657
f 28/493/658 577/1211/658 892/835/658 578/496/658
f 126/497/659 578/496/659 892/835/659 579/836/659
f 148/837/660 579/836/660 892/835/660 577/1211/660
f 168/500/661 580/1212/661 893/502/661 581/503/661
f 14/504/662 581/503/662 893/502/662 575/505/662
f 114/506/663 575/505/663 893/502/663 580/1212/663
f 168/513/664 581/512/664 894/1104/664 582/1213/664
f 182/507/665 582/1213/665 894/1104/665 583/510/665
f 14/511/666 583/510/666 894/1104/666 581/512/666
f 182/514/667 583/515/667 895/516/667 584/517/667
f 163/518/668 584/517/668 895/516/668 585/519/668
f 14/520/669 585/519/669 895/516/669 583/515/669
f 586/1214/670 896/1215/670 587/1216/670 1257/1217/670 1273/1218/670
f 28/493/671 587/1216/671 896/1215/671 577/1211/671
f 148/837/672 577/1211/672 896/1215/672 586/1214/672
f 1154/1219/673 588/1220/673 897/1221/673 589/1222/673 1162/1223/673
f 42/546/674 589/1222/674 897/1221/674 590/1224/674
f 173/1225/675 590/1224/675 897/1221/675 588/1220/675
f 1171/855/676 1170/1226/676 591/851/676 898/852/676 592/853/676 1176/854/676
f 56/567/677 592/853/677 898/852/677 593/856/677
f 188/857/678 593/856/678 898/852/678 591/851/678
f 594/859/679 899/860/679 595/861/679 1292/1227/679 1291/1228/679 1290/858/679
f 71/578/680 595/861/680 899/860/680 596/862/680
f 197/863/681 596/862/681 899/860/681 594/859/681
f 28/493/682 597/1229/682 900/1230/682 587/1216/682
f 587/1216/683 900/1230/683 1263/1231/683 1258/1232/683 1257/1217/683
f 900/1230/684 388/1233/684 1266/1234/684 1264/1235/684 1263/1231/684
f 597/1229/685 277/1236/685 388/1233/685 900/1230/685
f 589/1222/686 901/1237/686 1168/1238/686 1163/1239/686 1162/1223/686
f 901/1237/687 598/874/687 1169/875/687 1167/1240/687 1168/1238/687
f 42/546/688 598/874/688 901/1237/688 589/1222/688
f 592/853/689 902/877/689 1173/878/689 1175/1241/689 1176/854/689
f 902/877/690 599/880/690 1285/1242/690 1284/1243/690 1174/1244/690 1173/878/690
f 56/567/691 599/880/691 902/877/691 592/853/691
f 202/885/692 1286/886/692 903/883/692 600/884/692
f 71/578/693 600/884/693 903/883/693 595/861/693
f 1292/1227/694 595/861/694 903/883/694 1286/886/694 1287/1227/694
f 601/889/695 1288/890/695 1289/1245/695
f 601/889/696 1289/1245/696 1282/1246/696
f 1288/890/697 601/889/697 904/1247/697 594/859/697 1290/858/697
f 197/863/698 594/859/698 904/1247/698 602/1248/698
f 1281/896/699 602/1248/699 904/1247/699 601/889/699 1282/1246/699
f 599/880/700 905/897/700 602/1248/700 1281/896/700 1283/881/700 1285/1242/700
f 197/863/701 602/1248/701 905/897/701 603/898/701
f 56/567/702 603/898/702 905/897/702 599/880/702
f 604/899/703 1172/900/703 1177/1249/703
f 604/899/704 1177/1249/704 1165/902/704
f 605/903/705 906/904/705 604/899/705 1165/902/705 1164/1250/705
f 604/899/706 906/904/706 591/851/706 1170/1226/706 1172/900/706
f 188/857/707 591/851/707 906/904/707 605/903/707
f 1169/875/708 598/874/708 907/906/708 605/903/708 1164/1250/708 1166/875/708
f 188/857/709 605/903/709 907/906/709 606/907/709
f 42/546/710 606/907/710 907/906/710 598/874/710
f 607/1251/711 1152/1252/711 1159/1253/711
f 252/1254/712 607/1251/712 1159/1253/712 1157/1255/712 1156/1256/712
f 252/1254/713 348/1257/713 908/1258/713 607/1251/713
f 607/1251/714 908/1258/714 588/1220/714 1154/1219/714 1153/1259/714 1152/1252/714
f 173/1225/715 588/1220/715 908/1258/715 608/1260/715
f 230/1261/716 608/1260/716 908/1258/716 322/1262/716
f 233/1263/717 322/1262/717 908/1258/717 348/1257/717
f 230/1261/718 323/1264/718 909/1265/718 608/1260/718
f 173/1225/719 608/1260/719 909/1265/719 609/1266/719
f 231/1267/720 609/1266/720 909/1265/720 323/1264/720
f 277/1236/721 597/1229/721 910/1268/721 387/1269/721
f 276/1270/722 387/1269/722 910/1268/722 610/1271/722
f 28/493/723 610/1271/723 910/1268/723 597/1229/723
f 611/1272/724 1271/1273/724 1280/1274/724
f 611/1272/725 1280/1274/725 202/885/725
f 1271/1273/726 611/1272/726 911/1275/726 586/1214/726 1273/1218/726
f 148/837/727 586/1214/727 911/1275/727 612/929/727
f 611/1272/728 202/885/728 612/929/728 911/1275/728
f 202/885/729 600/884/729 912/930/729 612/929/729
f 148/837/730 612/929/730 912/930/730 613/931/730
f 71/578/731 613/931/731 912/930/731 600/884/731
f 71/578/732 596/862/732 913/933/732 614/796/732
f 163/518/733 614/796/733 913/933/733 615/1276/733
f 197/863/734 615/1276/734 913/933/734 596/862/734
f 182/514/735 584/517/735 914/935/735 616/1277/735
f 197/863/736 616/1277/736 914/935/736 615/1276/736
f 163/518/737 615/1276/737 914/935/737 584/517/737
f 56/567/738 617/799/738 915/936/738 603/898/738
f 197/863/739 603/898/739 915/936/739 616/1277/739
f 182/514/740 616/1277/740 915/936/740 617/799/740
f 188/857/741 618/1278/741 916/937/741 593/856/741
f 56/567/742 593/856/742 916/937/742 617/802/742
f 182/507/743 617/802/743 916/937/743 618/1278/743
f 188/857/744 619/939/744 917/940/744 618/1278/744
f 182/507/745 618/1278/745 917/940/745 582/1213/745
f 168/513/746 582/1213/746 917/940/746 619/939/746
f 42/546/747 620/806/747 918/941/747 606/907/747
f 188/857/748 606/907/748 918/941/748 619/939/748
f 168/513/749 619/939/749 918/941/749 620/806/749
f 42/546/750 590/1224/750 919/1279/750 620/810/750
f 168/500/751 620/810/751 919/1279/751 621/1280/751
f 173/1225/752 621/1280/752 919/1279/752 590/1224/752
f 173/1225/753 622/1281/753 920/1282/753 621/1280/753
f 168/500/754 621/1280/754 920/1282/754 580/1212/754
f 114/506/755 580/1212/755 920/1282/755 622/1281/755
f 231/1267/756 324/1283/756 921/1284/756 609/1266/756
f 173/1225/757 609/1266/757 921/1284/757 622/1281/757
f 114/506/758 622/1281/758 921/1284/758 623/1285/758
f 250/1286/759 623/1285/759 921/1284/759 345/1287/759
f 232/1288/760 345/1287/760 921/1284/760 324/1283/760
f 163/817/761 624/1206/761 922/1207/761 614/818/761
f 71/578/762 614/818/762 922/1207/762 613/931/762
f 148/837/763 613/931/763 922/1207/763 624/1206/763
f 126/497/764 579/836/764 923/954/764 625/819/764
f 163/817/765 625/819/765 923/954/765 624/1206/765
f 148/837/766 624/1206/766 923/954/766 579/836/766
f 14/821/767 576/822/767 924/823/767 585/824/767
f 163/817/768 585/824/768 924/823/768 625/819/768
f 126/497/769 625/819/769 924/823/769 576/822/769
f 250/1289/770 346/1290/770 925/1291/770 623/1292/770
f 623/1292/771 925/1291/771 626/1293/771 114/492/771
f 925/1291/772 396/1294/772 279/1295/772 626/1293/772
f 346/1290/773 251/1296/773 396/1294/773 925/1291/773
f 126/490/774 574/1209/774 926/1297/774 627/1298/774
f 627/1298/775 926/1297/775 397/1299/775 278/1300/775
f 926/1297/776 626/1293/776 279/1295/776 397/1299/776
f 574/1209/777 114/492/777 626/1293/777 926/1297/777
f 275/1301/778 393/1302/778 927/1303/778 394/1304/778
f 278/1300/779 394/1304/779 927/1303/779 627/1298/779
f 126/490/780 627/1298/780 927/1303/780 578/831/780
f 28/493/781 578/831/781 927/1303/781 610/1271/781
f 276/1270/782 610/1271/782 927/1303/782 393/1302/782
f 6/486/783 628/487/783 928/488/783 629/489/783
f 123/490/784 629/489/784 928/488/784 630/491/784
f 115/492/785 630/491/785 928/488/785 628/487/785
f 151/837/786 631/1305/786 929/835/786 632/1306/786
f 26/493/787 632/1306/787 929/835/787 633/496/787
f 123/497/788 633/496/788 929/835/788 631/1305/788
f 6/504/789 634/503/789 930/1307/789 628/505/789
f 115/506/790 628/505/790 930/1307/790 635/1308/790
f 167/500/791 635/1308/791 930/1307/791 634/503/791
f 181/507/792 636/1309/792 931/509/792 637/510/792
f 6/511/793 637/510/793 931/509/793 634/512/793
f 167/513/794 634/512/794 931/509/794 636/1309/794
f 160/518/795 638/1310/795 932/1311/795 639/519/795
f 6/520/796 639/519/796 932/1311/796 637/515/796
f 181/514/797 637/515/797 932/1311/797 638/1310/797
f 641/976/798 199/973/798 640/974/798 933/975/798
f 26/493/799 641/976/799 933/975/799 632/1306/799
f 151/837/800 632/1306/800 933/975/800 640/974/800
f 642/977/801 934/978/801 643/979/801 1046/980/801 1045/1312/801 1044/1313/801
f 30/535/802 643/979/802 934/978/802 644/983/802
f 138/984/803 644/983/803 934/978/803 642/977/803
f 645/986/804 935/987/804 646/988/804 1245/989/804 1246/985/804 1268/1109/804
f 44/546/805 646/988/805 935/987/805 647/990/805
f 175/991/806 647/990/806 935/987/806 645/986/806
f 271/1314/807 648/1315/807 936/1316/807 385/1317/807
f 272/1318/808 385/1317/808 936/1316/808 649/1319/808
f 190/1320/809 649/1319/809 936/1316/809 648/1315/809
f 274/1321/810 390/1322/810 937/1323/810 650/1324/810
f 67/578/811 650/1324/811 937/1323/811 651/1325/811
f 273/1326/812 651/1325/812 937/1323/812 390/1322/812
f 938/1005/813 652/1006/813 1053/1007/813 1048/1008/813 1049/1327/813
f 26/493/814 652/1006/814 938/1005/814 641/976/814
f 199/973/815 641/976/815 938/1005/815 1049/1327/815
f 939/1010/816 653/611/816 1277/1328/816 1278/1329/816 1042/1330/816
f 30/535/817 653/611/817 939/1010/817 643/979/817
f 1046/980/818 643/979/818 939/1010/818 1042/1330/818 1041/1014/818
f 940/1331/819 654/1332/819 1243/1333/819 1244/1334/819 1251/1335/819
f 44/546/820 654/1332/820 940/1331/820 646/988/820
f 1245/989/821 646/988/821 940/1331/821 1251/1335/821 1247/1017/821
f 1260/1336/822 941/1337/822 655/1338/822 1256/1339/822 1255/1340/822
f 655/1338/823 941/1337/823 650/1324/823 67/578/823
f 941/1337/824 389/1341/824 274/1321/824 650/1324/824
f 1261/1342/825 389/1341/825 941/1337/825 1260/1336/825 1259/1343/825
f 656/1344/826 1239/1345/826 1249/1346/826
f 1239/1345/827 656/1344/827 234/1347/827 1242/1348/827 1240/1349/827
f 190/1320/828 648/1315/828 942/1350/828 657/1351/828
f 657/1351/829 942/1350/829 656/1344/829 1249/1346/829 1248/1352/829 1250/1353/829
f 234/1347/830 656/1344/830 942/1350/830 325/1354/830
f 235/1355/831 325/1354/831 942/1350/831 382/1356/831
f 271/1314/832 382/1356/832 942/1350/832 648/1315/832
f 1243/1333/833 654/1332/833 943/1357/833 657/1351/833 1250/1353/833
f 190/1320/834 657/1351/834 943/1357/834 658/1358/834
f 44/546/835 658/1358/835 943/1357/835 654/1332/835
f 659/1041/836 1267/1042/836 1269/1161/836
f 659/1041/837 1269/1161/837 1274/1162/837
f 1267/1042/838 659/1041/838 944/1359/838 645/986/838 1268/1109/838
f 175/991/839 645/986/839 944/1359/839 660/1360/839
f 1275/1046/840 660/1360/840 944/1359/840 659/1041/840 1274/1162/840
f 653/739/841 945/1047/841 660/1360/841 1275/1046/841 1276/1163/841 1277/1361/841
f 175/991/842 660/1360/842 945/1047/842 661/1049/842
f 30/738/843 661/1049/843 945/1047/843 653/739/843
f 662/1050/844 1043/1362/844 1052/1052/844
f 1052/1052/845 1047/1167/845 662/1050/845
f 662/1050/846 946/1054/846 642/977/846 1044/1313/846 1043/1362/846
f 138/984/847 642/977/847 946/1054/847 663/1055/847
f 1051/1058/848 663/1055/848 946/1054/848 662/1050/848 1047/1167/848
f 652/1006/849 947/1057/849 663/1055/849 1051/1058/849 1050/1058/849 1053/1007/849
f 138/984/850 663/1055/850 947/1057/850 664/1059/850
f 26/493/851 664/1059/851 947/1057/851 652/1006/851
f 665/1363/852 199/973/852 1279/1364/852
f 665/1363/853 1279/1364/853 1270/1365/853
f 666/1366/854 948/1367/854 665/1363/854 1270/1365/854 1272/1368/854
f 948/1367/855 640/974/855 199/973/855 665/1363/855
f 151/837/856 640/974/856 948/1367/856 666/1366/856
f 1256/1339/857 655/1338/857 949/1369/857 666/1366/857 1272/1368/857
f 151/837/858 666/1366/858 949/1369/858 667/1370/858
f 67/578/859 667/1370/859 949/1369/859 655/1338/859
f 67/578/860 651/1325/860 950/1371/860 668/796/860
f 160/518/861 668/796/861 950/1371/861 669/1372/861
f 215/1373/862 669/1372/862 950/1371/862 295/1374/862
f 214/1375/863 295/1374/863 950/1371/863 391/1376/863
f 273/1326/864 391/1376/864 950/1371/864 651/1325/864
f 160/518/865 669/1372/865 951/1377/865 638/1310/865
f 638/1310/866 951/1377/866 670/1378/866 181/514/866
f 951/1377/867 296/1379/867 213/1380/867 670/1378/867
f 669/1372/868 215/1373/868 296/1379/868 951/1377/868
f 212/1381/869 329/1382/869 952/1383/869 292/1384/869
f 292/1384/870 952/1383/870 670/1378/870 213/1380/870
f 952/1383/871 671/1385/871 181/514/871 670/1378/871
f 329/1382/872 236/1386/872 671/1385/872 952/1383/872
f 181/507/873 671/1387/873 953/1388/873 672/1389/873
f 190/1320/874 672/1389/874 953/1388/874 649/1319/874
f 272/1318/875 649/1319/875 953/1388/875 384/1390/875
f 237/1391/876 384/1390/876 953/1388/876 330/1392/876
f 236/1393/877 330/1392/877 953/1388/877 671/1387/877
f 181/507/878 672/1389/878 954/1394/878 636/1309/878
f 167/513/879 636/1309/879 954/1394/879 673/1395/879
f 190/1320/880 673/1395/880 954/1394/880 672/1389/880
f 190/1320/881 658/1358/881 955/1396/881 673/1395/881
f 167/513/882 673/1395/882 955/1396/882 674/1397/882
f 44/546/883 674/1397/883 955/1396/883 658/1358/883
f 44/546/884 647/990/884 956/1200/884 674/810/884
f 167/500/885 674/810/885 956/1200/885 675/1201/885
f 175/991/886 675/1201/886 956/1200/886 647/990/886
f 167/500/887 675/1201/887 957/1094/887 635/1308/887
f 115/506/888 635/1308/888 957/1094/888 676/1095/888
f 175/991/889 676/1095/889 957/1094/889 675/1201/889
f 175/991/890 661/1049/890 958/1096/890 676/1095/890
f 115/506/891 676/1095/891 958/1096/891 677/814/891
f 30/738/892 677/814/892 958/1096/892 661/1049/892
f 67/578/893 668/1398/893 959/1399/893 667/1370/893
f 151/837/894 667/1370/894 959/1399/894 678/953/894
f 160/817/895 678/953/895 959/1399/895 668/1398/895
f 151/837/896 678/953/896 960/1400/896 631/1305/896
f 123/497/897 631/1305/897 960/1400/897 679/819/897
f 160/817/898 679/819/898 960/1400/898 678/953/898
f 160/817/899 639/824/899 961/823/899 679/819/899
f 123/497/900 679/819/900 961/823/900 629/822/900
f 6/821/901 629/822/901 961/823/901 639/824/901
f 115/492/902 677/1401/902 962/1097/902 680/1098/902
f 138/984/903 680/1098/903 962/1097/903 644/983/903
f 30/535/904 644/983/904 962/1097/904 677/1401/904
f 123/490/905 630/491/905 963/1099/905 681/1100/905
f 138/984/906 681/1100/906 963/1099/906 680/1098/906
f 115/492/907 680/1098/907 963/1099/907 630/491/907
f 138/984/908 664/1059/908 964/1402/908 681/1100/908
f 123/490/909 681/1100/909 964/1402/909 633/831/909
f 26/493/910 633/831/910 964/1402/910 664/1059/910
f 12/486/911 682/487/911 965/1403/911 683/489/911
f 130/490/912 683/489/912 965/1403/912 684/1404/912
f 110/492/913 684/1404/913 965/1403/913 682/487/913
f 157/837/914 685/1305/914 966/835/914 686/1405/914
f 24/493/915 686/1405/915 966/835/915 687/496/915
f 130/497/916 687/496/916 966/835/916 685/1305/916
f 12/504/917 688/503/917 967/1307/917 682/505/917
f 110/506/918 682/505/918 967/1307/918 689/1406/918
f 172/500/919 689/1406/919 967/1307/919 688/503/919
f 183/507/920 690/508/920 968/509/920 691/510/920
f 12/511/921 691/510/921 968/509/921 688/512/921
f 172/513/922 688/512/922 968/509/922 690/508/922
f 162/518/923 692/1407/923 969/1408/923 693/519/923
f 12/520/924 693/519/924 969/1408/924 691/515/924
f 183/514/925 691/515/925 969/1408/925 692/1407/925
f 201/1409/926 694/1410/926 970/1411/926 695/1412/926
f 24/493/927 695/1412/927 970/1411/927 686/1405/927
f 157/837/928 686/1405/928 970/1411/928 694/1410/928
f 208/1413/929 696/1414/929 971/1415/929 697/1416/929
f 37/546/930 697/1416/930 971/1415/930 698/1417/930
f 176/1418/931 698/1417/931 971/1415/931 696/1414/931
f 1018/850/932 699/851/932 972/852/932 700/853/932 1016/854/932 1017/855/932
f 53/567/933 700/853/933 972/852/933 701/856/933
f 191/857/934 701/856/934 972/852/934 699/851/934
f 1079/858/935 702/859/935 973/860/935 703/861/935 1076/858/935 1078/1228/935
f 59/578/936 703/861/936 973/860/936 704/862/936
f 196/863/937 704/862/937 973/860/937 702/859/937
f 226/1419/938 317/1420/938 974/1421/938 705/1422/938
f 24/493/939 705/1422/939 974/1421/939 695/1412/939
f 201/1409/940 695/1412/940 974/1421/940 1104/1423/940 1099/1424/940
f 1102/1425/941 1104/1423/941 974/1421/941 359/1426/941 1100/1427/941
f 227/1428/942 359/1426/942 974/1421/942 317/1420/942
f 975/1429/943 706/1430/943 1075/1431/943 1073/1432/943 1082/1433/943
f 37/546/944 706/1430/944 975/1429/944 697/1416/944
f 1084/1434/945 208/1413/945 697/1416/945 975/1429/945 1082/1433/945
f 700/853/946 976/877/946 1021/1435/946 1015/1241/946 1016/854/946
f 1021/1435/947 976/877/947 707/880/947 1023/1242/947 1024/1243/947
f 53/567/948 707/880/948 976/877/948 700/853/948
f 703/861/949 977/1436/949 1115/1437/949 1077/1438/949 1076/858/949
f 977/1436/950 708/1439/950 204/1440/950 1115/1437/950
f 59/578/951 708/1439/951 977/1436/951 703/861/951
f 1088/1441/952 208/1413/952 1084/1434/952
f 1091/1442/953 208/1413/953 1088/1441/953
f 1097/1443/954 201/1409/954 1099/1424/954 1098/1444/954
f 201/1409/955 1097/1443/955 1095/1445/955
f 1025/891/956 709/889/956 1080/890/956
f 709/889/957 1025/891/957 1026/1246/957
f 710/893/958 978/894/958 709/889/958 1026/1246/958 1027/895/958
f 709/889/959 978/894/959 702/859/959 1079/858/959 1080/890/959
f 196/863/960 702/859/960 978/894/960 710/893/960
f 1022/896/961 1023/1242/961 707/880/961 979/897/961 710/893/961 1027/895/961
f 196/863/962 710/893/962 979/897/962 711/898/962
f 53/567/963 711/898/963 979/897/963 707/880/963
f 1020/1249/964 712/899/964 1019/900/964
f 1067/1446/965 712/899/965 1020/1249/965
f 713/903/966 980/904/966 712/899/966 1067/1446/966 1070/1447/966
f 712/899/967 980/904/967 699/851/967 1018/850/967 1019/900/967
f 191/857/968 699/851/968 980/904/968 713/903/968
f 1075/1431/969 706/1430/969 981/906/969 713/903/969 1070/1447/969 1071/1431/969
f 191/857/970 713/903/970 981/906/970 714/907/970
f 37/546/971 714/907/971 981/906/971 706/1430/971
f 715/1448/972 208/1413/972 1091/1442/972 1090/1449/972 1111/1450/972
f 245/1451/973 715/1448/973 1111/1450/973 1112/1452/973 1114/1453/973
f 243/1454/974 716/1455/974 982/1456/974 338/1457/974
f 338/1457/975 982/1456/975 715/1448/975 245/1451/975
f 982/1456/976 696/1414/976 208/1413/976 715/1448/976
f 716/1455/977 176/1418/977 696/1414/977 982/1456/977
f 243/1454/978 339/1458/978 983/1459/978 716/1455/978
f 716/1455/979 983/1459/979 717/1460/979 176/1418/979
f 983/1459/980 364/1461/980 261/1462/980 717/1460/980
f 339/1458/981 244/1463/981 364/1461/981 983/1459/981
f 226/1419/982 705/1422/982 984/1464/982 316/1465/982
f 229/1466/983 316/1465/983 984/1464/983 718/1467/983
f 24/493/984 718/1467/984 984/1464/984 705/1422/984
f 719/1468/985 201/1409/985 1095/1445/985 1096/1469/985 1106/1470/985
f 719/1468/986 1106/1470/986 204/1440/986
f 204/1440/987 720/1471/987 985/1472/987 719/1468/987
f 201/1409/988 719/1468/988 985/1472/988 694/1410/988
f 157/837/989 694/1410/989 985/1472/989 720/1471/989
f 204/1440/990 708/1439/990 986/930/990 720/1471/990
f 157/837/991 720/1471/991 986/930/991 721/931/991
f 59/578/992 721/931/992 986/930/992 708/1439/992
f 59/578/993 704/862/993 987/933/993 722/796/993
f 162/518/994 722/796/994 987/933/994 723/1276/994
f 196/863/995 723/1276/995 987/933/995 704/862/995
f 196/863/996 724/934/996 988/935/996 723/1276/996
f 162/518/997 723/1276/997 988/935/997 692/1407/997
f 183/514/998 692/1407/998 988/935/998 724/934/998
f 53/567/999 725/799/999 989/936/999 711/898/999
f 196/863/1000 711/898/1000 989/936/1000 724/934/1000
f 183/514/1001 724/934/1001 989/936/1001 725/799/1001
f 191/857/1002 726/1278/1002 990/937/1002 701/856/1002
f 53/567/1003 701/856/1003 990/937/1003 725/802/1003
f 183/507/1004 725/802/1004 990/937/1004 726/1278/1004
f 183/507/1005 726/1278/1005 991/1473/1005 690/508/1005
f 172/513/1006 690/508/1006 991/1473/1006 727/939/1006
f 191/857/1007 727/939/1007 991/1473/1007 726/1278/1007
f 191/857/1008 714/907/1008 992/1474/1008 727/939/1008
f 172/513/1009 727/939/1009 992/1474/1009 728/1397/1009
f 37/546/1010 728/1397/1010 992/1474/1010 714/907/1010
f 37/546/1011 698/1417/1011 993/1475/1011 728/810/1011
f 172/500/1012 728/810/1012 993/1475/1012 729/1476/1012
f 176/1418/1013 729/1476/1013 993/1475/1013 698/1417/1013
f 172/500/1014 729/1476/1014 994/1477/1014 689/1406/1014
f 110/506/1015 689/1406/1015 994/1477/1015 730/1478/1015
f 176/1418/1016 730/1478/1016 994/1477/1016 729/1476/1016
f 261/1462/1017 365/1479/1017 995/1480/1017 717/1460/1017
f 717/1460/1018 995/1480/1018 730/1478/1018 176/1418/1018
f 995/1480/1019 731/1481/1019 110/506/1019 730/1478/1019
f 365/1479/1020 263/1482/1020 731/1481/1020 995/1480/1020
f 59/578/1021 722/1398/1021 996/1399/1021 721/931/1021
f 157/837/1022 721/931/1022 996/1399/1022 732/953/1022
f 162/817/1023 732/953/1023 996/1399/1023 722/1398/1023
f 157/837/1024 732/953/1024 997/1400/1024 685/1305/1024
f 130/497/1025 685/1305/1025 997/1400/1025 733/819/1025
f 162/817/1026 733/819/1026 997/1400/1026 732/953/1026
f 162/817/1027 693/824/1027 998/823/1027 733/819/1027
f 130/497/1028 733/819/1028 998/823/1028 683/822/1028
f 12/821/1029 683/822/1029 998/823/1029 693/824/1029
f 110/492/1030 731/1483/1030 999/1484/1030 734/1485/1030
f 262/1486/1031 734/1485/1031 999/1484/1031 366/1487/1031
f 263/1488/1032 366/1487/1032 999/1484/1032 731/1483/1032
f 110/492/1033 734/1485/1033 1000/1489/1033 684/1404/1033
f 130/490/1034 684/1404/1034 1000/1489/1034 735/1490/1034
f 259/1491/1035 735/1490/1035 1000/1489/1035 360/1492/1035
f 260/1493/1036 360/1492/1036 1000/1489/1036 367/1494/1036
f 262/1486/1037 367/1494/1037 1000/1489/1037 734/1485/1037
f 228/1495/1038 315/1496/1038 1001/1497/1038 361/1498/1038
f 259/1491/1039 361/1498/1039 1001/1497/1039 735/1490/1039
f 130/490/1040 735/1490/1040 1001/1497/1040 687/831/1040
f 24/493/1041 687/831/1041 1001/1497/1041 718/1467/1041
f 229/1466/1042 718/1467/1042 1001/1497/1042 315/1496/1042
